STATE,ACTION,REWARD
"[[ 5.40075265e-03 -2.48402432e-02 -8.24461784e-03  1.84268542e-02
   1.05941389e-02  1.31295715e-03 -1.03010498e-02 -2.59572715e-02
  -2.12010611e-02 -8.93199630e-03  1.10310288e-02 -6.50122669e-03
   2.15361151e-03  1.13727329e-02  4.96562105e-03  2.20000371e-02
   2.22719600e-03  1.72372721e-02 -2.05874350e-02  1.02097793e-02]
 [ 1.23133482e-02 -5.03221303e-02  1.40756462e-02 -1.66655723e-02
   1.97823662e-02 -9.32010636e-03 -3.72677576e-04 -6.97831511e-02
  -2.55413894e-02 -3.63977253e-03  6.32183440e-03  1.10744918e-02
  -4.65940312e-03  1.47658763e-02  6.94767386e-03 -1.02753025e-02
  -2.14874968e-02  1.62559864e-03  1.19081233e-02  2.42795870e-02]
 [ 3.98302078e-03 -4.19251174e-02  8.95851571e-03  1.44414240e-02
   4.24942151e-02 -1.32433847e-02 -7.27708125e-03 -4.74490598e-02
  -4.36201580e-02  6.15360681e-03  2.56153345e-02 -3.41896527e-03
  -6.27635699e-03  9.42861289e-03 -2.38939747e-03 -1.09468829e-02
   2.33017448e-02  2.75864583e-02 -6.40140660e-03  7.29855150e-03]
 [-1.31157832e-02 -3.06376647e-02  1.74813624e-03  5.78659587e-03
   2.34984700e-02 -4.13856516e-03 -2.91084847e-03 -3.44824716e-02
  -3.86813581e-02 -2.48601828e-02  2.08547022e-02  1.33054983e-03
  -2.26611178e-02  5.23568504e-03  1.32197700e-02  1.96871143e-02
  -5.35687432e-05  1.74750872e-02 -7.64135178e-03  1.19108111e-02]
 [-1.76715590e-02 -5.29441684e-02  9.08298418e-03  2.48709079e-02
   6.89093992e-02 -2.46309079e-02  9.93747823e-03 -4.87273335e-02
  -4.08792868e-02 -6.37746975e-03  2.15692129e-02  7.05194287e-03
  -1.08093135e-02  2.68812999e-02  2.62579881e-02 -2.78755557e-03
   2.36293487e-02  2.86332108e-02 -2.63726879e-02 -6.86899945e-03]
 [ 9.52735171e-03 -1.92545410e-02  2.79359389e-02  1.35511905e-02
   8.94363783e-03 -1.63507797e-02  2.22604815e-02 -6.75185397e-02
  -4.00246270e-02 -2.20905636e-02  1.12879016e-02  1.10920575e-02
  -1.15861231e-02 -2.62431391e-02  6.13505766e-03  3.77873629e-02
  -3.61160841e-03  2.42664460e-02 -2.85590272e-02  8.01563449e-03]
 [-1.07465889e-02 -3.94769274e-02  3.49968374e-02  1.57088842e-02
   3.53793614e-02 -1.15149822e-02 -2.83682020e-03 -4.97263521e-02
  -4.99525666e-02 -2.03905515e-02  1.48982946e-02 -5.55580761e-03
  -1.12192323e-02 -1.36476196e-02  4.36556377e-02  1.47155095e-02
   3.06059103e-02  4.06837761e-02 -1.88285876e-02  2.26361677e-02]
 [-1.46059450e-02 -3.26987281e-02 -3.04634683e-03  1.19086262e-03
   2.88596638e-02 -1.01907365e-03 -5.84576698e-03 -3.11361589e-02
  -3.81439440e-02 -3.01329941e-02  1.97782330e-02  7.55219068e-03
  -2.18256768e-02  6.26257993e-03  1.02754384e-02  2.49474570e-02
  -1.01605104e-03  1.28023131e-02 -1.21746622e-02  1.00972690e-02]
 [-2.74678692e-04 -5.95700853e-02  1.25666233e-02  3.43839079e-03
   2.31383089e-02 -4.05913033e-03 -9.24361777e-03 -1.07759021e-01
  -4.35680747e-02  1.06112175e-02  2.05237344e-02 -1.65761430e-02
  -4.81387600e-03  2.59515345e-02  3.24854814e-03 -5.18164970e-02
  -4.25977539e-03  1.96662769e-02  9.22048651e-03  3.35251093e-02]
 [-1.81376375e-03 -4.12776470e-02  8.44185986e-03  8.72374512e-04
   1.76474862e-02  6.97855651e-03 -6.42804289e-03 -3.24146785e-02
  -4.23991866e-02 -1.57996137e-02  1.59433279e-02  4.45488375e-03
  -2.75116437e-03  1.08280061e-02  1.17043108e-02  1.28712356e-02
   1.97753310e-03 -5.56464773e-04  1.50544690e-02  1.03286086e-02]
 [-2.93415897e-02 -3.81106436e-02  4.86242250e-02  1.50102628e-02
   2.63379849e-02 -1.08162407e-03  8.85621179e-03 -2.29933336e-02
  -3.22965533e-02  1.18449284e-02  2.96711996e-02  1.84346363e-02
  -1.61828492e-02  1.42400255e-02  3.61685269e-02  1.55786332e-03
   1.21726999e-02  3.87289375e-03 -9.16004553e-03  1.64223947e-02]
 [ 1.24244951e-03 -4.35621440e-02  3.07035744e-02  1.39267184e-04
   1.63709577e-02 -1.60362776e-02  1.92611571e-02 -6.93639442e-02
  -3.16676050e-02  3.55550065e-03  1.71038117e-02  1.01113059e-02
   4.03972389e-03 -2.63616350e-03  2.19940934e-02  1.53036350e-02
  -7.10495980e-03 -1.78027432e-04 -1.07690701e-02  3.19424574e-03]
 [-1.31157832e-02 -3.06376647e-02  1.74813624e-03  5.78659587e-03
   2.34984700e-02 -4.13856516e-03 -2.91084847e-03 -3.44824716e-02
  -3.86813581e-02 -2.48601828e-02  2.08547022e-02  1.33054983e-03
  -2.26611178e-02  5.23568504e-03  1.32197700e-02  1.96871143e-02
  -5.35687432e-05  1.74750872e-02 -7.64135178e-03  1.19108111e-02]
 [-1.53002515e-02 -5.07742204e-02  8.89613386e-03  2.33382285e-02
   6.23265654e-02 -2.62956247e-02  7.98557792e-03 -4.41634953e-02
  -3.37502062e-02 -9.01658740e-03  1.73184816e-02  1.14821736e-02
  -8.90700892e-03  2.81016957e-02  2.50438116e-02 -2.56069005e-03
   2.62375157e-02  2.38396376e-02 -2.97036581e-02 -7.41140451e-03]
 [ 1.45541690e-03 -5.80852516e-02  1.15272235e-02  3.41819040e-03
   2.52502020e-02 -5.24075143e-03 -1.00076757e-02 -1.08419217e-01
  -4.66580689e-02  1.08810626e-02  2.14555580e-02 -1.66909099e-02
  -6.09492324e-03  2.71706544e-02  4.74774279e-03 -5.45155704e-02
  -3.83839780e-03  2.35036481e-02  9.30071995e-03  3.33334506e-02]
 [-5.05707785e-03 -2.58345827e-02  1.67293474e-04 -5.29788109e-03
   2.15011723e-02 -6.70481008e-03 -3.16766556e-04 -3.27165574e-02
  -3.91257219e-02 -3.42603326e-02  2.19321698e-02  9.41229984e-03
  -2.29697302e-02 -1.92415155e-03  9.39528272e-03  2.14219168e-02
  -1.11638696e-03  1.96111985e-02 -8.08291044e-03  2.44559534e-03]
 [ 1.09014893e-02 -3.11827511e-02  6.71723671e-03  1.00790691e-02
   3.18958424e-02  1.93871371e-03  4.39787004e-03 -1.76168140e-02
  -2.26305742e-02 -1.56668723e-02  1.48898028e-02 -6.60861889e-03
  -1.81179959e-02 -1.39992870e-03  1.23925908e-02  4.40684985e-03
   4.82338574e-03  1.26084443e-02 -8.16828106e-03  1.28346458e-02]
 [ 4.19961009e-03 -3.05388439e-02 -1.04705989e-03  7.24596065e-03
   2.63988916e-02  4.79508517e-03 -1.08239818e-02 -2.60833316e-02
  -1.56323425e-02 -8.23513838e-04  2.05564983e-02  1.35441478e-02
   8.82113352e-04  5.00258198e-03  1.03506772e-02  5.80150448e-03
  -1.07979123e-02  2.01777974e-03 -3.65295075e-03  7.49840634e-03]
 [-2.37531774e-03 -3.65805328e-02  3.18182781e-02 -3.54182185e-03
   2.45228619e-03 -9.64105129e-03  2.54671648e-02 -6.91120997e-02
  -2.65307333e-02  2.23659351e-03  2.52997056e-02 -1.98848825e-03
  -3.42909689e-03 -3.75874760e-03  2.30213646e-02  7.93434028e-03
  -1.60573237e-02  4.45841532e-03 -1.56202316e-02  3.75242694e-03]
 [-1.58154704e-02 -7.62414187e-02  1.92608945e-02  4.58354726e-02
   8.00947770e-02 -2.21333448e-02  3.97619419e-03 -5.14509492e-02
  -3.91811803e-02 -1.66917630e-02  2.53746640e-02  1.47935497e-02
  -2.20795758e-02  2.23891977e-02  3.26004252e-02  2.71448120e-02
   8.50833394e-03  9.59447399e-03 -2.61011645e-02 -8.20404943e-03]
 [ 1.23133482e-02 -5.03221303e-02  1.40756462e-02 -1.66655723e-02
   1.97823662e-02 -9.32010636e-03 -3.72677576e-04 -6.97831511e-02
  -2.55413894e-02 -3.63977253e-03  6.32183440e-03  1.10744918e-02
  -4.65940312e-03  1.47658763e-02  6.94767386e-03 -1.02753025e-02
  -2.14874968e-02  1.62559864e-03  1.19081233e-02  2.42795870e-02]
 [ 1.23133482e-02 -5.03221303e-02  1.40756462e-02 -1.66655723e-02
   1.97823662e-02 -9.32010636e-03 -3.72677576e-04 -6.97831511e-02
  -2.55413894e-02 -3.63977253e-03  6.32183440e-03  1.10744918e-02
  -4.65940312e-03  1.47658763e-02  6.94767386e-03 -1.02753025e-02
  -2.14874968e-02  1.62559864e-03  1.19081233e-02  2.42795870e-02]
 [ 5.40075265e-03 -2.48402432e-02 -8.24461784e-03  1.84268542e-02
   1.05941389e-02  1.31295715e-03 -1.03010498e-02 -2.59572715e-02
  -2.12010611e-02 -8.93199630e-03  1.10310288e-02 -6.50122669e-03
   2.15361151e-03  1.13727329e-02  4.96562105e-03  2.20000371e-02
   2.22719600e-03  1.72372721e-02 -2.05874350e-02  1.02097793e-02]
 [ 5.40075265e-03 -2.48402432e-02 -8.24461784e-03  1.84268542e-02
   1.05941389e-02  1.31295715e-03 -1.03010498e-02 -2.59572715e-02
  -2.12010611e-02 -8.93199630e-03  1.10310288e-02 -6.50122669e-03
   2.15361151e-03  1.13727329e-02  4.96562105e-03  2.20000371e-02
   2.22719600e-03  1.72372721e-02 -2.05874350e-02  1.02097793e-02]]","[[-5.55974497e-04 -3.88671807e-02  1.07903728e-02  7.97038907e-03
   2.45710207e-02 -5.34351381e-03  8.41432720e-05 -4.66228900e-02
  -3.03849215e-02 -7.06122459e-03  1.67058189e-02  2.97987270e-03
  -7.01892943e-03  8.79574072e-03  1.33830747e-02  6.66445810e-03
  -1.43199962e-03  1.20303308e-02 -8.77695502e-03  1.19074237e-02]
 [-6.48340069e-04 -3.90537208e-02  1.19476420e-02  5.83258119e-03
   2.42821506e-02 -5.83193372e-03  9.18870161e-04 -4.82442132e-02
  -3.14001579e-02 -7.63673067e-03  1.68204734e-02  3.47874123e-03
  -7.96601718e-03  7.99316167e-03  1.33285194e-02  5.65052898e-03
  -1.86391157e-03  1.19029121e-02 -7.37015313e-03  1.24270555e-02]
 [-5.37018361e-04 -3.89829796e-02  1.12508132e-02  7.18796885e-03
   2.44055781e-02 -5.62095101e-03  4.92984039e-04 -4.74631284e-02
  -3.07518166e-02 -7.20862660e-03  1.67132022e-02  3.07382295e-03
  -7.33999535e-03  8.55876817e-03  1.33229527e-02  6.21170621e-03
  -1.60829929e-03  1.20371750e-02 -8.35519182e-03  1.20987942e-02]
 [-5.37606997e-04 -3.90012655e-02  1.09765809e-02  7.84698587e-03
   2.45800802e-02 -5.45437832e-03  2.35398297e-04 -4.69916393e-02
  -3.04416595e-02 -6.98276195e-03  1.67073095e-02  2.99101797e-03
  -7.05101192e-03  8.80789451e-03  1.34035758e-02  6.47074349e-03
  -1.50914931e-03  1.20102776e-02 -8.71969639e-03  1.19530750e-02]
 [-5.96540707e-04 -3.83709680e-02  9.82451865e-03  8.23252285e-03
   2.50233587e-02 -5.57861234e-03 -6.47461138e-04 -4.52999441e-02
  -3.08880288e-02 -7.95212582e-03  1.65122067e-02  2.88675495e-03
  -7.74999614e-03  9.01955886e-03  1.25567474e-02  7.08773643e-03
  -3.00921407e-04  1.28604364e-02 -8.89088844e-03  1.19529358e-02]
 [-9.90182628e-04 -3.75413342e-02  9.23726300e-03  7.72309900e-03
   2.48463866e-02 -5.22747823e-03 -1.01251207e-03 -4.37216322e-02
  -3.13666295e-02 -9.32094864e-03  1.66808514e-02  3.09381973e-03
  -8.44645982e-03  8.25955324e-03  1.24674210e-02  8.22713116e-03
   6.31214944e-06  1.30152438e-02 -8.53755741e-03  1.17727092e-02]
 [-4.69112395e-04 -3.87626503e-02  1.02216357e-02  8.16855723e-03
   2.51045226e-02 -5.75501765e-03 -4.18267954e-04 -4.61435391e-02
  -3.08229827e-02 -7.45669092e-03  1.64698254e-02  2.89968664e-03
  -7.59581338e-03  9.23845811e-03  1.26101452e-02  6.46316643e-03
  -5.07042150e-04  1.27484590e-02 -8.80753848e-03  1.21150432e-02]
 [-6.67063615e-04 -3.78587935e-02  9.01875113e-03  8.82614060e-03
   2.49794999e-02 -5.28326011e-03 -1.16458076e-03 -4.39482106e-02
  -3.07142746e-02 -8.36552524e-03  1.64836567e-02  2.71906669e-03
  -7.68170293e-03  9.01881472e-03  1.24165726e-02  8.00559063e-03
   8.03977084e-05  1.30722212e-02 -9.33136184e-03  1.16785696e-02]
 [-8.26396029e-04 -3.78707835e-02  9.50744313e-03  7.88488956e-03
   2.48792403e-02 -5.37886313e-03 -8.26920083e-04 -4.44015165e-02
  -3.11804274e-02 -8.77782172e-03  1.66147468e-02  3.00894693e-03
  -8.17155903e-03  8.53592939e-03  1.25112024e-02  7.76926131e-03
  -1.41470312e-04  1.29437014e-02 -8.67247784e-03  1.18447549e-02]
 [-6.22964263e-04 -3.83756508e-02  9.92255591e-03  8.05141489e-03
   2.49955846e-02 -5.59981251e-03 -5.75915168e-04 -4.54006447e-02
  -3.09724987e-02 -8.02494577e-03  1.65354956e-02  2.93888028e-03
  -7.83702758e-03  8.92764240e-03  1.25765450e-02  7.04170859e-03
  -3.50186124e-04  1.28333800e-02 -8.76967442e-03  1.19834041e-02]
 [-6.33713455e-04 -3.92175866e-02  1.23133036e-02  5.39717855e-03
   2.42429581e-02 -5.94795820e-03  1.14185078e-03 -4.87862186e-02
  -3.15569253e-02 -7.59944568e-03  1.68391288e-02  3.61096147e-03
  -8.09293522e-03  7.87836328e-03  1.33682269e-02  5.30911692e-03
  -2.05674059e-03  1.17925048e-02 -7.04681494e-03  1.25761155e-02]
 [-6.49182634e-04 -3.83610205e-02  1.02928774e-02  7.84292991e-03
   2.44290700e-02 -5.19645982e-03 -1.93253858e-04 -4.57220213e-02
  -3.05593209e-02 -7.72760074e-03  1.66950908e-02  2.96536815e-03
  -7.28436303e-03  8.52556380e-03  1.31864865e-02  7.26084102e-03
  -1.14900690e-03  1.22397309e-02 -8.75185939e-03  1.18084254e-02]
 [-6.01800006e-04 -3.84235996e-02  1.05846599e-02  7.36613596e-03
   2.42741395e-02 -5.34837769e-03  5.92012145e-05 -4.62711273e-02
  -3.07420226e-02 -7.74930643e-03  1.66845800e-02  2.99989945e-03
  -7.43167391e-03  8.39451517e-03  1.31355091e-02  6.93831120e-03
  -1.28696865e-03  1.22317311e-02 -8.49865054e-03  1.19529455e-02]
 [-6.12145537e-04 -3.86499705e-02  1.06150128e-02  7.78097354e-03
   2.45083659e-02 -5.36192087e-03  3.71735856e-05 -4.63306597e-02
  -3.05775316e-02 -7.48488932e-03  1.67025443e-02  2.98328975e-03
  -7.25883223e-03  8.61478275e-03  1.32669226e-02  6.93299169e-03
  -1.28928790e-03  1.21688889e-02 -8.72136156e-03  1.18645699e-02]
 [-1.01650736e-03 -3.83250952e-02  1.10431613e-02  6.04155751e-03
   2.45176585e-02 -5.44226859e-03  2.39845025e-04 -4.62578570e-02
  -3.16526927e-02 -8.70859052e-03  1.69398963e-02  3.59847674e-03
  -8.40124099e-03  7.65080651e-03  1.32132199e-02  6.78157876e-03
  -1.22742787e-03  1.21829356e-02 -7.38091021e-03  1.21324941e-02]
 [-6.84355893e-04 -3.73556063e-02  8.12205334e-03  9.58106616e-03
   2.49228119e-02 -4.96113997e-03 -1.75671847e-03 -4.25477607e-02
  -3.04293777e-02 -8.67667313e-03  1.64125576e-02  2.50345500e-03
  -7.49288305e-03  9.12042387e-03  1.22518525e-02  8.95427796e-03
   4.60628226e-04  1.32823877e-02 -9.87508027e-03  1.13953897e-02]
 [-6.91300219e-04 -3.74073138e-02  8.23595959e-03  9.46121323e-03
   2.49250291e-02 -5.00108924e-03 -1.67732386e-03 -4.27144483e-02
  -3.04819475e-02 -8.66539138e-03  1.64266830e-02  2.53599335e-03
  -7.53649624e-03  9.08807694e-03  1.22731410e-02  8.84576626e-03
   4.14231572e-04  1.32585116e-02 -9.79293515e-03  1.14298576e-02]
 [-5.74800374e-04 -3.90319204e-02  1.16540141e-02  6.43516083e-03
   2.42978643e-02 -5.75512099e-03  7.59549693e-04 -4.79809197e-02
  -3.10886913e-02 -7.39074817e-03  1.67609853e-02  3.26683042e-03
  -7.65183090e-03  8.26889733e-03  1.33168279e-02  5.84905972e-03
  -1.76982167e-03  1.19680980e-02 -7.83423071e-03  1.22900175e-02]
 [-6.84648612e-04 -3.82206383e-02  1.01543465e-02  7.82701326e-03
   2.44021203e-02 -5.12181038e-03 -2.96067822e-04 -4.54311917e-02
  -3.05836505e-02 -7.87942732e-03  1.67017301e-02  2.97825293e-03
  -7.33202517e-03  8.45786543e-03  1.31530774e-02  7.41326499e-03
  -1.07953814e-03  1.22720531e-02 -8.72851740e-03  1.17856598e-02]
 [-9.38157203e-04 -3.80543250e-02  1.02926080e-02  6.66206971e-03
   2.47887657e-02 -5.52669457e-03 -3.67641339e-04 -4.52479393e-02
  -3.17192154e-02 -9.10163326e-03  1.67353470e-02  3.43636533e-03
  -8.72800021e-03  8.00045637e-03  1.26379993e-02  7.24998227e-03
  -5.43648068e-04  1.26788111e-02 -7.73594729e-03  1.21707793e-02]
 [-6.16615718e-04 -3.81694896e-02  1.02008654e-02  7.61809906e-03
   2.42304524e-02 -5.18437666e-03 -2.00614117e-04 -4.56328043e-02
  -3.06420379e-02 -7.92087367e-03  1.66589969e-02  2.92712554e-03
  -7.37868987e-03  8.39605587e-03  1.30603149e-02  7.32761240e-03
  -1.12749622e-03  1.23163991e-02 -8.67245440e-03  1.18526668e-02]
 [-6.95556940e-04 -3.84412837e-02  1.08395277e-02  6.84582365e-03
   2.42920588e-02 -5.42797622e-03  2.07881697e-04 -4.64943658e-02
  -3.10375871e-02 -7.97547779e-03  1.67538930e-02  3.18121149e-03
  -7.72556865e-03  8.15831835e-03  1.31555200e-02  6.75018843e-03
  -1.33518480e-03  1.21977185e-02 -8.10385133e-03  1.20558758e-02]
 [-6.74772309e-04 -3.86908501e-02  1.12536435e-02  6.51962455e-03
   2.43063084e-02 -5.58707577e-03  4.78263518e-04 -4.71655196e-02
  -3.11526445e-02 -7.81171064e-03  1.67785506e-02  3.27607678e-03
  -7.79107619e-03  8.12702939e-03  1.32281532e-02  6.33164447e-03
  -1.52571096e-03  1.20923340e-02 -7.87057398e-03  1.21823764e-02]
 [-5.84858854e-04 -3.87249810e-02  1.06194464e-02  8.02480310e-03
   2.45565024e-02 -5.25573268e-03 -4.39330821e-05 -4.62802610e-02
  -3.03770406e-02 -7.19715829e-03  1.67078180e-02  2.98006769e-03
  -7.03793380e-03  8.75000205e-03  1.33519750e-02  6.85732930e-03
  -1.34955885e-03  1.20641422e-02 -8.79923770e-03  1.18664341e-02]
 [-8.05494575e-04 -3.82997850e-02  1.04509712e-02  6.86861023e-03
   2.48021574e-02 -5.64496501e-03 -2.37535074e-04 -4.57598899e-02
  -3.15311266e-02 -8.63687628e-03  1.66788758e-02  3.32464727e-03
  -8.45880120e-03  8.26252982e-03  1.26672946e-02  6.90876926e-03
  -6.38442237e-04  1.26465249e-02 -7.92100139e-03  1.21964780e-02]]",0
"[[ 5.40075265e-03 -2.48402432e-02 -8.24461784e-03  1.84268542e-02
   1.05941389e-02  1.31295715e-03 -1.03010498e-02 -2.59572715e-02
  -2.12010611e-02 -8.93199630e-03  1.10310288e-02 -6.50122669e-03
   2.15361151e-03  1.13727329e-02  4.96562105e-03  2.20000371e-02
   2.22719600e-03  1.72372721e-02 -2.05874350e-02  1.02097793e-02]
 [ 1.23133482e-02 -5.03221303e-02  1.40756462e-02 -1.66655723e-02
   1.97823662e-02 -9.32010636e-03 -3.72677576e-04 -6.97831511e-02
  -2.55413894e-02 -3.63977253e-03  6.32183440e-03  1.10744918e-02
  -4.65940312e-03  1.47658763e-02  6.94767386e-03 -1.02753025e-02
  -2.14874968e-02  1.62559864e-03  1.19081233e-02  2.42795870e-02]
 [ 3.98302078e-03 -4.19251174e-02  8.95851571e-03  1.44414240e-02
   4.24942151e-02 -1.32433847e-02 -7.27708125e-03 -4.74490598e-02
  -4.36201580e-02  6.15360681e-03  2.56153345e-02 -3.41896527e-03
  -6.27635699e-03  9.42861289e-03 -2.38939747e-03 -1.09468829e-02
   2.33017448e-02  2.75864583e-02 -6.40140660e-03  7.29855150e-03]
 [-1.31157832e-02 -3.06376647e-02  1.74813624e-03  5.78659587e-03
   2.34984700e-02 -4.13856516e-03 -2.91084847e-03 -3.44824716e-02
  -3.86813581e-02 -2.48601828e-02  2.08547022e-02  1.33054983e-03
  -2.26611178e-02  5.23568504e-03  1.32197700e-02  1.96871143e-02
  -5.35687432e-05  1.74750872e-02 -7.64135178e-03  1.19108111e-02]
 [-1.76715590e-02 -5.29441684e-02  9.08298418e-03  2.48709079e-02
   6.89093992e-02 -2.46309079e-02  9.93747823e-03 -4.87273335e-02
  -4.08792868e-02 -6.37746975e-03  2.15692129e-02  7.05194287e-03
  -1.08093135e-02  2.68812999e-02  2.62579881e-02 -2.78755557e-03
   2.36293487e-02  2.86332108e-02 -2.63726879e-02 -6.86899945e-03]
 [ 9.52735171e-03 -1.92545410e-02  2.79359389e-02  1.35511905e-02
   8.94363783e-03 -1.63507797e-02  2.22604815e-02 -6.75185397e-02
  -4.00246270e-02 -2.20905636e-02  1.12879016e-02  1.10920575e-02
  -1.15861231e-02 -2.62431391e-02  6.13505766e-03  3.77873629e-02
  -3.61160841e-03  2.42664460e-02 -2.85590272e-02  8.01563449e-03]
 [-1.07465889e-02 -3.94769274e-02  3.49968374e-02  1.57088842e-02
   3.53793614e-02 -1.15149822e-02 -2.83682020e-03 -4.97263521e-02
  -4.99525666e-02 -2.03905515e-02  1.48982946e-02 -5.55580761e-03
  -1.12192323e-02 -1.36476196e-02  4.36556377e-02  1.47155095e-02
   3.06059103e-02  4.06837761e-02 -1.88285876e-02  2.26361677e-02]
 [-1.46059450e-02 -3.26987281e-02 -3.04634683e-03  1.19086262e-03
   2.88596638e-02 -1.01907365e-03 -5.84576698e-03 -3.11361589e-02
  -3.81439440e-02 -3.01329941e-02  1.97782330e-02  7.55219068e-03
  -2.18256768e-02  6.26257993e-03  1.02754384e-02  2.49474570e-02
  -1.01605104e-03  1.28023131e-02 -1.21746622e-02  1.00972690e-02]
 [-2.74678692e-04 -5.95700853e-02  1.25666233e-02  3.43839079e-03
   2.31383089e-02 -4.05913033e-03 -9.24361777e-03 -1.07759021e-01
  -4.35680747e-02  1.06112175e-02  2.05237344e-02 -1.65761430e-02
  -4.81387600e-03  2.59515345e-02  3.24854814e-03 -5.18164970e-02
  -4.25977539e-03  1.96662769e-02  9.22048651e-03  3.35251093e-02]
 [-1.81376375e-03 -4.12776470e-02  8.44185986e-03  8.72374512e-04
   1.76474862e-02  6.97855651e-03 -6.42804289e-03 -3.24146785e-02
  -4.23991866e-02 -1.57996137e-02  1.59433279e-02  4.45488375e-03
  -2.75116437e-03  1.08280061e-02  1.17043108e-02  1.28712356e-02
   1.97753310e-03 -5.56464773e-04  1.50544690e-02  1.03286086e-02]
 [-2.93415897e-02 -3.81106436e-02  4.86242250e-02  1.50102628e-02
   2.63379849e-02 -1.08162407e-03  8.85621179e-03 -2.29933336e-02
  -3.22965533e-02  1.18449284e-02  2.96711996e-02  1.84346363e-02
  -1.61828492e-02  1.42400255e-02  3.61685269e-02  1.55786332e-03
   1.21726999e-02  3.87289375e-03 -9.16004553e-03  1.64223947e-02]
 [ 1.24244951e-03 -4.35621440e-02  3.07035744e-02  1.39267184e-04
   1.63709577e-02 -1.60362776e-02  1.92611571e-02 -6.93639442e-02
  -3.16676050e-02  3.55550065e-03  1.71038117e-02  1.01113059e-02
   4.03972389e-03 -2.63616350e-03  2.19940934e-02  1.53036350e-02
  -7.10495980e-03 -1.78027432e-04 -1.07690701e-02  3.19424574e-03]
 [-1.31157832e-02 -3.06376647e-02  1.74813624e-03  5.78659587e-03
   2.34984700e-02 -4.13856516e-03 -2.91084847e-03 -3.44824716e-02
  -3.86813581e-02 -2.48601828e-02  2.08547022e-02  1.33054983e-03
  -2.26611178e-02  5.23568504e-03  1.32197700e-02  1.96871143e-02
  -5.35687432e-05  1.74750872e-02 -7.64135178e-03  1.19108111e-02]
 [-1.53002515e-02 -5.07742204e-02  8.89613386e-03  2.33382285e-02
   6.23265654e-02 -2.62956247e-02  7.98557792e-03 -4.41634953e-02
  -3.37502062e-02 -9.01658740e-03  1.73184816e-02  1.14821736e-02
  -8.90700892e-03  2.81016957e-02  2.50438116e-02 -2.56069005e-03
   2.62375157e-02  2.38396376e-02 -2.97036581e-02 -7.41140451e-03]
 [ 1.45541690e-03 -5.80852516e-02  1.15272235e-02  3.41819040e-03
   2.52502020e-02 -5.24075143e-03 -1.00076757e-02 -1.08419217e-01
  -4.66580689e-02  1.08810626e-02  2.14555580e-02 -1.66909099e-02
  -6.09492324e-03  2.71706544e-02  4.74774279e-03 -5.45155704e-02
  -3.83839780e-03  2.35036481e-02  9.30071995e-03  3.33334506e-02]
 [-5.05707785e-03 -2.58345827e-02  1.67293474e-04 -5.29788109e-03
   2.15011723e-02 -6.70481008e-03 -3.16766556e-04 -3.27165574e-02
  -3.91257219e-02 -3.42603326e-02  2.19321698e-02  9.41229984e-03
  -2.29697302e-02 -1.92415155e-03  9.39528272e-03  2.14219168e-02
  -1.11638696e-03  1.96111985e-02 -8.08291044e-03  2.44559534e-03]
 [ 1.09014893e-02 -3.11827511e-02  6.71723671e-03  1.00790691e-02
   3.18958424e-02  1.93871371e-03  4.39787004e-03 -1.76168140e-02
  -2.26305742e-02 -1.56668723e-02  1.48898028e-02 -6.60861889e-03
  -1.81179959e-02 -1.39992870e-03  1.23925908e-02  4.40684985e-03
   4.82338574e-03  1.26084443e-02 -8.16828106e-03  1.28346458e-02]
 [ 4.19961009e-03 -3.05388439e-02 -1.04705989e-03  7.24596065e-03
   2.63988916e-02  4.79508517e-03 -1.08239818e-02 -2.60833316e-02
  -1.56323425e-02 -8.23513838e-04  2.05564983e-02  1.35441478e-02
   8.82113352e-04  5.00258198e-03  1.03506772e-02  5.80150448e-03
  -1.07979123e-02  2.01777974e-03 -3.65295075e-03  7.49840634e-03]
 [-2.37531774e-03 -3.65805328e-02  3.18182781e-02 -3.54182185e-03
   2.45228619e-03 -9.64105129e-03  2.54671648e-02 -6.91120997e-02
  -2.65307333e-02  2.23659351e-03  2.52997056e-02 -1.98848825e-03
  -3.42909689e-03 -3.75874760e-03  2.30213646e-02  7.93434028e-03
  -1.60573237e-02  4.45841532e-03 -1.56202316e-02  3.75242694e-03]
 [-1.58154704e-02 -7.62414187e-02  1.92608945e-02  4.58354726e-02
   8.00947770e-02 -2.21333448e-02  3.97619419e-03 -5.14509492e-02
  -3.91811803e-02 -1.66917630e-02  2.53746640e-02  1.47935497e-02
  -2.20795758e-02  2.23891977e-02  3.26004252e-02  2.71448120e-02
   8.50833394e-03  9.59447399e-03 -2.61011645e-02 -8.20404943e-03]
 [ 1.23133482e-02 -5.03221303e-02  1.40756462e-02 -1.66655723e-02
   1.97823662e-02 -9.32010636e-03 -3.72677576e-04 -6.97831511e-02
  -2.55413894e-02 -3.63977253e-03  6.32183440e-03  1.10744918e-02
  -4.65940312e-03  1.47658763e-02  6.94767386e-03 -1.02753025e-02
  -2.14874968e-02  1.62559864e-03  1.19081233e-02  2.42795870e-02]
 [ 1.23133482e-02 -5.03221303e-02  1.40756462e-02 -1.66655723e-02
   1.97823662e-02 -9.32010636e-03 -3.72677576e-04 -6.97831511e-02
  -2.55413894e-02 -3.63977253e-03  6.32183440e-03  1.10744918e-02
  -4.65940312e-03  1.47658763e-02  6.94767386e-03 -1.02753025e-02
  -2.14874968e-02  1.62559864e-03  1.19081233e-02  2.42795870e-02]
 [ 5.40075265e-03 -2.48402432e-02 -8.24461784e-03  1.84268542e-02
   1.05941389e-02  1.31295715e-03 -1.03010498e-02 -2.59572715e-02
  -2.12010611e-02 -8.93199630e-03  1.10310288e-02 -6.50122669e-03
   2.15361151e-03  1.13727329e-02  4.96562105e-03  2.20000371e-02
   2.22719600e-03  1.72372721e-02 -2.05874350e-02  1.02097793e-02]
 [ 5.40075265e-03 -2.48402432e-02 -8.24461784e-03  1.84268542e-02
   1.05941389e-02  1.31295715e-03 -1.03010498e-02 -2.59572715e-02
  -2.12010611e-02 -8.93199630e-03  1.10310288e-02 -6.50122669e-03
   2.15361151e-03  1.13727329e-02  4.96562105e-03  2.20000371e-02
   2.22719600e-03  1.72372721e-02 -2.05874350e-02  1.02097793e-02]
 [-2.16381089e-03 -3.99104878e-02  6.47738762e-03  1.04315830e-02
   2.34988369e-02  7.73423677e-03 -5.18228021e-03 -2.64699906e-02
  -2.14076471e-02 -1.95865687e-02  7.48791173e-03  1.38851581e-03
  -1.13755241e-02  6.65296055e-03  1.03555927e-02  2.96756066e-02
  -7.14111980e-03  4.43487382e-03 -8.66734702e-03  5.72552159e-03]]","[[-2.67235882e-03 -3.58069030e-02  7.29567528e-03  6.48892695e-03
   2.47905889e-02 -3.27152759e-03 -2.49813113e-03 -3.85192029e-02
  -3.21800741e-02 -1.40084611e-02  1.67056678e-02  3.90695247e-03
  -1.09858164e-02  6.40545365e-03  1.24156239e-02  1.25591269e-02
  -1.65037675e-04  1.25684980e-02 -7.12292691e-03  1.11603250e-02]
 [-2.82676729e-03 -3.56795806e-02  5.42934863e-03  8.46425557e-03
   2.47964134e-02 -3.67611623e-03 -2.44927600e-03 -3.79765159e-02
  -3.14588783e-02 -1.43430864e-02  1.63155043e-02  2.37761938e-03
  -1.09989767e-02  7.73706074e-03  1.14475191e-02  1.40823794e-02
   2.46421042e-04  1.34985817e-02 -9.36717890e-03  9.77660269e-03]
 [-2.48554884e-03 -3.56856469e-02  6.62190534e-03  7.52608698e-03
   2.47715701e-02 -2.83337500e-03 -3.02652762e-03 -3.74179857e-02
  -3.13817312e-02 -1.37325582e-02  1.63847372e-02  3.59376517e-03
  -1.03797812e-02  6.82612554e-03  1.22526893e-02  1.33014720e-02
  -1.55415378e-05  1.25046243e-02 -7.82766102e-03  1.07891815e-02]
 [-3.64479486e-03 -3.50817945e-02  5.35391505e-03  7.13466037e-03
   2.45341539e-02 -3.34914921e-03 -2.57854940e-03 -3.73551172e-02
  -3.24627129e-02 -1.59974883e-02  1.67790121e-02  2.94059704e-03
  -1.23253869e-02  6.74400964e-03  1.17005341e-02  1.47467232e-02
  -1.55743670e-04  1.33668223e-02 -8.16464680e-03  1.01378681e-02]
 [-2.79934163e-03 -3.58141421e-02  5.75121489e-03  8.22353207e-03
   2.48792838e-02 -3.93517203e-03 -2.20953658e-03 -3.85582160e-02
  -3.16705651e-02 -1.41643362e-02  1.64285066e-02  2.46294659e-03
  -1.10413247e-02  7.70290831e-03  1.15199336e-02  1.35870529e-02
   2.71907274e-04  1.35573702e-02 -9.24065022e-03  9.90567036e-03]
 [-3.08673469e-03 -3.56433765e-02  5.86722665e-03  7.59753525e-03
   2.47860004e-02 -3.88463339e-03 -2.16058042e-03 -3.85417066e-02
  -3.21197567e-02 -1.47453588e-02  1.66249604e-02  2.71105330e-03
  -1.15735155e-02  7.28890566e-03  1.16392843e-02  1.36781036e-02
   9.40849361e-05  1.35034266e-02 -8.71193085e-03  1.01029461e-02]
 [-3.57157079e-03 -3.51952494e-02  5.51245751e-03  7.14612225e-03
   2.45838989e-02 -3.50243867e-03 -2.44510193e-03 -3.76919858e-02
  -3.24742355e-02 -1.57790460e-02  1.67859722e-02  2.91287069e-03
  -1.22448993e-02  6.81904280e-03  1.17126747e-02  1.44719617e-02
  -1.12201521e-04  1.34167907e-02 -8.22958605e-03  1.01713325e-02]
 [-2.42201378e-03 -3.54831809e-02  6.09384156e-03  8.01507204e-03
   2.46198929e-02 -2.29274100e-03 -3.51459807e-03 -3.63395106e-02
  -3.08684450e-02 -1.38776063e-02  1.61372413e-02  3.47838877e-03
  -1.01383026e-02  6.90115291e-03  1.21261891e-02  1.41324978e-02
  -9.56456349e-05  1.23051315e-02 -8.04576605e-03  1.05854979e-02]
 [-2.93671235e-03 -3.54584320e-02  5.03557735e-03  8.58516281e-03
   2.46554660e-02 -3.27814849e-03 -2.77175769e-03 -3.71545990e-02
  -3.12867785e-02 -1.47711751e-02  1.62019646e-02  2.35180639e-03
  -1.11005114e-02  7.64515877e-03  1.13753711e-02  1.48074632e-02
   1.31702087e-04  1.33664836e-02 -9.34641406e-03  9.65446479e-03]
 [-3.44075221e-03 -3.50014604e-02  4.76780682e-03  7.88585436e-03
   2.44671287e-02 -2.87545800e-03 -3.04505071e-03 -3.63237975e-02
  -3.17673568e-02 -1.59249597e-02  1.64195028e-02  2.69880775e-03
  -1.18832612e-02  7.02574266e-03  1.14742604e-02  1.55477258e-02
  -1.44031271e-04  1.32016183e-02 -8.61047145e-03  9.77890833e-03]
 [-2.86389398e-03 -3.57186333e-02  5.60791202e-03  8.24416181e-03
   2.48271320e-02 -3.79814936e-03 -2.32228895e-03 -3.82610693e-02
  -3.16395187e-02 -1.43491214e-02  1.64067965e-02  2.46160610e-03
  -1.11085683e-02  7.65326516e-03  1.15053507e-02  1.38490410e-02
   2.33541201e-04  1.35207135e-02 -9.21859309e-03  9.87152673e-03]
 [-2.82775751e-03 -3.53174946e-02  4.48503639e-03  9.13757475e-03
   2.44942582e-02 -2.77610390e-03 -3.20742923e-03 -3.61443035e-02
  -3.07211910e-02 -1.49160569e-02  1.58687635e-02  2.14287203e-03
  -1.08487710e-02  7.79871836e-03  1.11717893e-02  1.56976072e-02
   5.29447542e-05  1.31929432e-02 -9.65883443e-03  9.37496437e-03]
 [-2.98181576e-03 -3.57805967e-02  6.08417393e-03  7.53637138e-03
   2.48423656e-02 -4.05848527e-03 -2.00131187e-03 -3.89584594e-02
  -3.21584933e-02 -1.44997854e-02  1.66427508e-02  2.72417502e-03
  -1.14845322e-02  7.33673966e-03  1.16544452e-02  1.33219933e-02
   1.20323735e-04  1.35306458e-02 -8.71139687e-03  1.01601784e-02]
 [-2.69791584e-03 -3.54067736e-02  4.50144255e-03  9.34739507e-03
   2.45175278e-02 -2.84744570e-03 -3.17167400e-03 -3.62843179e-02
  -3.05729931e-02 -1.46444799e-02  1.57994622e-02  2.03801744e-03
  -1.06379160e-02  7.96230615e-03  1.11322326e-02  1.55735651e-02
   1.19806254e-04  1.32338099e-02 -9.86850749e-03  9.33129311e-03]
 [-2.75633889e-03 -3.60382604e-02  6.40009639e-03  7.57675604e-03
   2.49547430e-02 -4.33810233e-03 -1.76601399e-03 -3.96161767e-02
  -3.21183316e-02 -1.39818367e-02  1.66293223e-02  2.69225873e-03
  -1.12303137e-02  7.50401299e-03  1.16481895e-02  1.27405994e-02
   1.93826735e-04  1.35788519e-02 -8.81717944e-03  1.02061210e-02]
 [-2.81992641e-03 -3.59893466e-02  6.41864795e-03  7.42292492e-03
   2.49185778e-02 -4.31022607e-03 -1.76267537e-03 -3.95890651e-02
  -3.22172671e-02 -1.41371060e-02  1.66666684e-02  2.75190497e-03
  -1.13581826e-02  7.39672736e-03  1.16723933e-02  1.27888329e-02
   1.40362551e-04  1.35569497e-02 -8.68627506e-03  1.02533320e-02]
 [-3.11137519e-03 -3.53938705e-02  5.17774584e-03  8.18353453e-03
   2.46521039e-02 -3.34180691e-03 -2.68018827e-03 -3.73045449e-02
  -3.16160301e-02 -1.50398886e-02  1.63687779e-02  2.51801446e-03
  -1.14137908e-02  7.41494366e-03  1.14738931e-02  1.46979342e-02
   6.79477170e-05  1.33740136e-02 -9.02662145e-03  9.79427866e-03]
 [-3.21587285e-03 -3.50743526e-02  4.54161242e-03  8.43017883e-03
   2.44532678e-02 -2.72289716e-03 -3.20757618e-03 -3.60102254e-02
  -3.12912906e-02 -1.56293606e-02  1.61636226e-02  2.47542541e-03
  -1.14861179e-02  7.31537657e-03  1.13268741e-02  1.58078217e-02
  -9.23891442e-05  1.31540337e-02 -9.01992226e-03  9.57344208e-03]
 [-3.31665448e-03 -3.54456365e-02  5.74921779e-03  7.33289848e-03
   2.46918742e-02 -3.73306420e-03 -2.25915643e-03 -3.82179434e-02
  -3.23233678e-02 -1.52294212e-02  1.67149067e-02  2.82142217e-03
  -1.19120530e-02  7.04838764e-03  1.16858333e-02  1.39972927e-02
  -1.08520488e-05  1.34656696e-02 -8.45364222e-03  1.01598134e-02]
 [-3.59377045e-03 -3.49233978e-02  4.86493445e-03  7.53646716e-03
   2.44499892e-02 -2.92289356e-03 -2.98113053e-03 -3.64271434e-02
  -3.20575500e-02 -1.61752152e-02  1.65691039e-02  2.84432173e-03
  -1.21518847e-02  6.82058605e-03  1.15572292e-02  1.54708752e-02
  -1.96966790e-04  1.32128929e-02 -8.33395167e-03  9.90073769e-03]
 [-3.33994827e-03 -3.53957881e-02  5.63648317e-03  7.41040664e-03
   2.46731667e-02 -3.64797539e-03 -2.34308364e-03 -3.80139600e-02
  -3.22638874e-02 -1.52986125e-02  1.66883146e-02  2.79881619e-03
  -1.19090803e-02  7.05690161e-03  1.16666335e-02  1.41623076e-02
  -1.38375080e-05  1.34496962e-02 -8.48937906e-03  1.01152504e-02]
 [-3.45059236e-03 -3.52446046e-02  5.41419658e-03  7.42665510e-03
   2.46065534e-02 -3.44785800e-03 -2.51896306e-03 -3.75619202e-02
  -3.22392467e-02 -1.55872111e-02  1.66748367e-02  2.81270468e-03
  -1.20216771e-02  6.97521098e-03  1.16491207e-02  1.45444849e-02
  -6.46871546e-05  1.33980898e-02 -8.43643800e-03  1.00648179e-02]
 [-2.52126988e-03 -3.58177222e-02  6.99547299e-03  7.12978886e-03
   2.48422706e-02 -3.14297899e-03 -2.71542780e-03 -3.81070300e-02
  -3.17246770e-02 -1.36833888e-02  1.65339382e-02  3.70209989e-03
  -1.05689143e-02  6.72505274e-03  1.23305929e-02  1.27871633e-02
  -1.93681576e-05  1.25852211e-02 -7.60188077e-03  1.09465543e-02]
 [-2.99212512e-03 -3.58271753e-02  6.32191403e-03  7.20940835e-03
   2.48323678e-02 -4.17613683e-03 -1.84475805e-03 -3.93115629e-02
  -3.23683564e-02 -1.45349034e-02  1.67250974e-02  2.84066833e-03
  -1.16220043e-02  7.19702570e-03  1.17086546e-02  1.30653703e-02
   5.03813578e-05  1.35179051e-02 -8.48102136e-03  1.02971945e-02]
 [-2.91638269e-03 -3.52145976e-02  4.37534113e-03  9.05253581e-03
   2.44464705e-02 -2.64127197e-03 -3.31001697e-03 -3.58661979e-02
  -3.07585968e-02 -1.51643735e-02  1.58768289e-02  2.19621721e-03
  -1.09816544e-02  7.68863064e-03  1.11686359e-02  1.59401753e-02
  -1.08576130e-05  1.31370475e-02 -9.53536447e-03  9.36802169e-03]]",0
"[[ 5.40075265e-03 -2.48402432e-02 -8.24461784e-03  1.84268542e-02
   1.05941389e-02  1.31295715e-03 -1.03010498e-02 -2.59572715e-02
  -2.12010611e-02 -8.93199630e-03  1.10310288e-02 -6.50122669e-03
   2.15361151e-03  1.13727329e-02  4.96562105e-03  2.20000371e-02
   2.22719600e-03  1.72372721e-02 -2.05874350e-02  1.02097793e-02]
 [ 1.23133482e-02 -5.03221303e-02  1.40756462e-02 -1.66655723e-02
   1.97823662e-02 -9.32010636e-03 -3.72677576e-04 -6.97831511e-02
  -2.55413894e-02 -3.63977253e-03  6.32183440e-03  1.10744918e-02
  -4.65940312e-03  1.47658763e-02  6.94767386e-03 -1.02753025e-02
  -2.14874968e-02  1.62559864e-03  1.19081233e-02  2.42795870e-02]
 [ 3.98302078e-03 -4.19251174e-02  8.95851571e-03  1.44414240e-02
   4.24942151e-02 -1.32433847e-02 -7.27708125e-03 -4.74490598e-02
  -4.36201580e-02  6.15360681e-03  2.56153345e-02 -3.41896527e-03
  -6.27635699e-03  9.42861289e-03 -2.38939747e-03 -1.09468829e-02
   2.33017448e-02  2.75864583e-02 -6.40140660e-03  7.29855150e-03]
 [-1.31157832e-02 -3.06376647e-02  1.74813624e-03  5.78659587e-03
   2.34984700e-02 -4.13856516e-03 -2.91084847e-03 -3.44824716e-02
  -3.86813581e-02 -2.48601828e-02  2.08547022e-02  1.33054983e-03
  -2.26611178e-02  5.23568504e-03  1.32197700e-02  1.96871143e-02
  -5.35687432e-05  1.74750872e-02 -7.64135178e-03  1.19108111e-02]
 [-1.76715590e-02 -5.29441684e-02  9.08298418e-03  2.48709079e-02
   6.89093992e-02 -2.46309079e-02  9.93747823e-03 -4.87273335e-02
  -4.08792868e-02 -6.37746975e-03  2.15692129e-02  7.05194287e-03
  -1.08093135e-02  2.68812999e-02  2.62579881e-02 -2.78755557e-03
   2.36293487e-02  2.86332108e-02 -2.63726879e-02 -6.86899945e-03]
 [ 9.52735171e-03 -1.92545410e-02  2.79359389e-02  1.35511905e-02
   8.94363783e-03 -1.63507797e-02  2.22604815e-02 -6.75185397e-02
  -4.00246270e-02 -2.20905636e-02  1.12879016e-02  1.10920575e-02
  -1.15861231e-02 -2.62431391e-02  6.13505766e-03  3.77873629e-02
  -3.61160841e-03  2.42664460e-02 -2.85590272e-02  8.01563449e-03]
 [-1.07465889e-02 -3.94769274e-02  3.49968374e-02  1.57088842e-02
   3.53793614e-02 -1.15149822e-02 -2.83682020e-03 -4.97263521e-02
  -4.99525666e-02 -2.03905515e-02  1.48982946e-02 -5.55580761e-03
  -1.12192323e-02 -1.36476196e-02  4.36556377e-02  1.47155095e-02
   3.06059103e-02  4.06837761e-02 -1.88285876e-02  2.26361677e-02]
 [-1.46059450e-02 -3.26987281e-02 -3.04634683e-03  1.19086262e-03
   2.88596638e-02 -1.01907365e-03 -5.84576698e-03 -3.11361589e-02
  -3.81439440e-02 -3.01329941e-02  1.97782330e-02  7.55219068e-03
  -2.18256768e-02  6.26257993e-03  1.02754384e-02  2.49474570e-02
  -1.01605104e-03  1.28023131e-02 -1.21746622e-02  1.00972690e-02]
 [-2.74678692e-04 -5.95700853e-02  1.25666233e-02  3.43839079e-03
   2.31383089e-02 -4.05913033e-03 -9.24361777e-03 -1.07759021e-01
  -4.35680747e-02  1.06112175e-02  2.05237344e-02 -1.65761430e-02
  -4.81387600e-03  2.59515345e-02  3.24854814e-03 -5.18164970e-02
  -4.25977539e-03  1.96662769e-02  9.22048651e-03  3.35251093e-02]
 [-1.81376375e-03 -4.12776470e-02  8.44185986e-03  8.72374512e-04
   1.76474862e-02  6.97855651e-03 -6.42804289e-03 -3.24146785e-02
  -4.23991866e-02 -1.57996137e-02  1.59433279e-02  4.45488375e-03
  -2.75116437e-03  1.08280061e-02  1.17043108e-02  1.28712356e-02
   1.97753310e-03 -5.56464773e-04  1.50544690e-02  1.03286086e-02]
 [-2.93415897e-02 -3.81106436e-02  4.86242250e-02  1.50102628e-02
   2.63379849e-02 -1.08162407e-03  8.85621179e-03 -2.29933336e-02
  -3.22965533e-02  1.18449284e-02  2.96711996e-02  1.84346363e-02
  -1.61828492e-02  1.42400255e-02  3.61685269e-02  1.55786332e-03
   1.21726999e-02  3.87289375e-03 -9.16004553e-03  1.64223947e-02]
 [ 1.24244951e-03 -4.35621440e-02  3.07035744e-02  1.39267184e-04
   1.63709577e-02 -1.60362776e-02  1.92611571e-02 -6.93639442e-02
  -3.16676050e-02  3.55550065e-03  1.71038117e-02  1.01113059e-02
   4.03972389e-03 -2.63616350e-03  2.19940934e-02  1.53036350e-02
  -7.10495980e-03 -1.78027432e-04 -1.07690701e-02  3.19424574e-03]
 [-1.31157832e-02 -3.06376647e-02  1.74813624e-03  5.78659587e-03
   2.34984700e-02 -4.13856516e-03 -2.91084847e-03 -3.44824716e-02
  -3.86813581e-02 -2.48601828e-02  2.08547022e-02  1.33054983e-03
  -2.26611178e-02  5.23568504e-03  1.32197700e-02  1.96871143e-02
  -5.35687432e-05  1.74750872e-02 -7.64135178e-03  1.19108111e-02]
 [-1.53002515e-02 -5.07742204e-02  8.89613386e-03  2.33382285e-02
   6.23265654e-02 -2.62956247e-02  7.98557792e-03 -4.41634953e-02
  -3.37502062e-02 -9.01658740e-03  1.73184816e-02  1.14821736e-02
  -8.90700892e-03  2.81016957e-02  2.50438116e-02 -2.56069005e-03
   2.62375157e-02  2.38396376e-02 -2.97036581e-02 -7.41140451e-03]
 [ 1.45541690e-03 -5.80852516e-02  1.15272235e-02  3.41819040e-03
   2.52502020e-02 -5.24075143e-03 -1.00076757e-02 -1.08419217e-01
  -4.66580689e-02  1.08810626e-02  2.14555580e-02 -1.66909099e-02
  -6.09492324e-03  2.71706544e-02  4.74774279e-03 -5.45155704e-02
  -3.83839780e-03  2.35036481e-02  9.30071995e-03  3.33334506e-02]
 [-5.05707785e-03 -2.58345827e-02  1.67293474e-04 -5.29788109e-03
   2.15011723e-02 -6.70481008e-03 -3.16766556e-04 -3.27165574e-02
  -3.91257219e-02 -3.42603326e-02  2.19321698e-02  9.41229984e-03
  -2.29697302e-02 -1.92415155e-03  9.39528272e-03  2.14219168e-02
  -1.11638696e-03  1.96111985e-02 -8.08291044e-03  2.44559534e-03]
 [ 1.09014893e-02 -3.11827511e-02  6.71723671e-03  1.00790691e-02
   3.18958424e-02  1.93871371e-03  4.39787004e-03 -1.76168140e-02
  -2.26305742e-02 -1.56668723e-02  1.48898028e-02 -6.60861889e-03
  -1.81179959e-02 -1.39992870e-03  1.23925908e-02  4.40684985e-03
   4.82338574e-03  1.26084443e-02 -8.16828106e-03  1.28346458e-02]
 [ 4.19961009e-03 -3.05388439e-02 -1.04705989e-03  7.24596065e-03
   2.63988916e-02  4.79508517e-03 -1.08239818e-02 -2.60833316e-02
  -1.56323425e-02 -8.23513838e-04  2.05564983e-02  1.35441478e-02
   8.82113352e-04  5.00258198e-03  1.03506772e-02  5.80150448e-03
  -1.07979123e-02  2.01777974e-03 -3.65295075e-03  7.49840634e-03]
 [-2.37531774e-03 -3.65805328e-02  3.18182781e-02 -3.54182185e-03
   2.45228619e-03 -9.64105129e-03  2.54671648e-02 -6.91120997e-02
  -2.65307333e-02  2.23659351e-03  2.52997056e-02 -1.98848825e-03
  -3.42909689e-03 -3.75874760e-03  2.30213646e-02  7.93434028e-03
  -1.60573237e-02  4.45841532e-03 -1.56202316e-02  3.75242694e-03]
 [-1.58154704e-02 -7.62414187e-02  1.92608945e-02  4.58354726e-02
   8.00947770e-02 -2.21333448e-02  3.97619419e-03 -5.14509492e-02
  -3.91811803e-02 -1.66917630e-02  2.53746640e-02  1.47935497e-02
  -2.20795758e-02  2.23891977e-02  3.26004252e-02  2.71448120e-02
   8.50833394e-03  9.59447399e-03 -2.61011645e-02 -8.20404943e-03]
 [ 1.23133482e-02 -5.03221303e-02  1.40756462e-02 -1.66655723e-02
   1.97823662e-02 -9.32010636e-03 -3.72677576e-04 -6.97831511e-02
  -2.55413894e-02 -3.63977253e-03  6.32183440e-03  1.10744918e-02
  -4.65940312e-03  1.47658763e-02  6.94767386e-03 -1.02753025e-02
  -2.14874968e-02  1.62559864e-03  1.19081233e-02  2.42795870e-02]
 [ 1.23133482e-02 -5.03221303e-02  1.40756462e-02 -1.66655723e-02
   1.97823662e-02 -9.32010636e-03 -3.72677576e-04 -6.97831511e-02
  -2.55413894e-02 -3.63977253e-03  6.32183440e-03  1.10744918e-02
  -4.65940312e-03  1.47658763e-02  6.94767386e-03 -1.02753025e-02
  -2.14874968e-02  1.62559864e-03  1.19081233e-02  2.42795870e-02]
 [ 5.40075265e-03 -2.48402432e-02 -8.24461784e-03  1.84268542e-02
   1.05941389e-02  1.31295715e-03 -1.03010498e-02 -2.59572715e-02
  -2.12010611e-02 -8.93199630e-03  1.10310288e-02 -6.50122669e-03
   2.15361151e-03  1.13727329e-02  4.96562105e-03  2.20000371e-02
   2.22719600e-03  1.72372721e-02 -2.05874350e-02  1.02097793e-02]
 [ 5.40075265e-03 -2.48402432e-02 -8.24461784e-03  1.84268542e-02
   1.05941389e-02  1.31295715e-03 -1.03010498e-02 -2.59572715e-02
  -2.12010611e-02 -8.93199630e-03  1.10310288e-02 -6.50122669e-03
   2.15361151e-03  1.13727329e-02  4.96562105e-03  2.20000371e-02
   2.22719600e-03  1.72372721e-02 -2.05874350e-02  1.02097793e-02]
 [-2.16381089e-03 -3.99104878e-02  6.47738762e-03  1.04315830e-02
   2.34988369e-02  7.73423677e-03 -5.18228021e-03 -2.64699906e-02
  -2.14076471e-02 -1.95865687e-02  7.48791173e-03  1.38851581e-03
  -1.13755241e-02  6.65296055e-03  1.03555927e-02  2.96756066e-02
  -7.14111980e-03  4.43487382e-03 -8.66734702e-03  5.72552159e-03]
 [-1.16572324e-02 -3.49258743e-02  3.29628866e-03  9.19492729e-03
   3.71206962e-02 -1.79284066e-03 -9.71005578e-03 -3.98244709e-02
  -3.42523381e-02  1.30757061e-03  2.34847777e-02  9.63842403e-03
  -1.20968856e-02  1.69929620e-02  1.12181958e-02 -1.09486021e-02
  -1.17491381e-02  7.26402365e-03  3.07481550e-03  1.48850214e-02]]","[[-2.11644343e-03 -3.81626520e-02  8.68734953e-03  7.44909974e-03
   2.60194527e-02 -5.79411980e-03 -2.94060745e-04 -4.47806043e-02
  -3.22550656e-02 -1.03255776e-02  1.68978259e-02  2.45683562e-03
  -9.95684871e-03  8.80004763e-03  1.19254531e-02  8.03743431e-03
  -4.01684780e-04  1.33585243e-02 -8.34737711e-03  1.07001535e-02]
 [-2.03795194e-03 -3.77809362e-02  8.28808950e-03  7.86837250e-03
   2.65160974e-02 -5.36838906e-03 -1.42892670e-03 -4.35705502e-02
  -3.24027837e-02 -9.52710488e-03  1.71904354e-02  2.89289389e-03
  -9.32647008e-03  8.96553662e-03  1.19622613e-02  7.22334438e-03
  -6.44868306e-05  1.32041180e-02 -7.53481121e-03  1.10715995e-02]
 [-1.42930375e-03 -3.89585365e-02  1.15904862e-02  4.79472698e-03
   2.53016122e-02 -4.95079135e-03  1.41095040e-04 -4.67332764e-02
  -3.17322376e-02 -8.68624231e-03  1.67039331e-02  4.35629687e-03
  -9.33053732e-03  7.76686279e-03  1.28845318e-02  5.67054815e-03
  -2.81975752e-03  1.10572785e-02 -5.58544580e-03  1.25067613e-02]
 [-1.69504558e-03 -3.85539134e-02  1.10197041e-02  4.99673753e-03
   2.53466110e-02 -4.59224973e-03 -2.40078601e-04 -4.55280910e-02
  -3.16895997e-02 -9.34136899e-03  1.66858932e-02  4.42404827e-03
  -9.55303650e-03  7.64187345e-03  1.29071395e-02  6.50505667e-03
  -2.72524912e-03  1.10452900e-02 -5.66126916e-03  1.23105453e-02]
 [-1.58946331e-03 -3.86714193e-02  1.13456388e-02  4.59722853e-03
   2.52092225e-02 -4.72220063e-03 -2.56342260e-05 -4.60507358e-02
  -3.18294875e-02 -9.32772409e-03  1.66791124e-02  4.50641744e-03
  -9.62973663e-03  7.49305123e-03  1.29191549e-02  6.25383905e-03
  -2.85941652e-03  1.09905124e-02 -5.41144949e-03  1.24865697e-02]
 [-2.10546571e-03 -3.81688121e-02  8.72676706e-03  7.38544424e-03
   2.59940833e-02 -5.80078801e-03 -2.67067472e-04 -4.48306454e-02
  -3.22712209e-02 -1.03448981e-02  1.68938225e-02  2.47611517e-03
  -9.97765740e-03  8.76829248e-03  1.19307991e-02  8.02393778e-03
  -4.32403772e-04  1.33416302e-02 -8.30696094e-03  1.07259903e-02]
 [-2.23389640e-03 -3.79870349e-02  8.42800639e-03  7.56381569e-03
   2.60149090e-02 -5.64177423e-03 -4.70795014e-04 -4.42817127e-02
  -3.22325979e-02 -1.05828383e-02  1.68937623e-02  2.45205634e-03
  -1.00333817e-02  8.76291224e-03  1.19293115e-02  8.40003866e-03
  -3.55976949e-04  1.33746630e-02 -8.40243178e-03  1.06185901e-02]
 [-1.50300327e-03 -3.88138943e-02  1.15035538e-02  4.61694228e-03
   2.52290603e-02 -4.84302924e-03  8.02092622e-05 -4.64271721e-02
  -3.18095695e-02 -9.04911365e-03  1.66873694e-02  4.45764185e-03
  -9.51323365e-03  7.58796905e-03  1.29059606e-02  5.96057608e-03
  -2.86286010e-03  1.10102139e-02 -5.44544595e-03  1.25239000e-02]
 [-2.03471466e-03 -3.79798569e-02  1.02370262e-02  5.55126237e-03
   2.51499488e-02 -5.50614552e-03  4.45108991e-04 -4.50464760e-02
  -3.18813462e-02 -1.11515007e-02  1.66397476e-02  3.67861696e-03
  -1.07212157e-02  7.34860020e-03  1.25649056e-02  8.66928258e-03
  -1.53073331e-03  1.25250810e-02 -7.82159904e-03  1.15131749e-02]
 [-1.77018379e-03 -3.81692740e-02  9.05435916e-03  7.20721536e-03
   2.63510194e-02 -5.66943266e-03 -9.34361465e-04 -4.48419703e-02
  -3.25543856e-02 -9.18316153e-03  1.71602300e-02  3.04089606e-03
  -9.34449608e-03  8.83751404e-03  1.20069318e-02  6.43762753e-03
  -3.89445219e-04  1.30330395e-02 -7.11152814e-03  1.14303799e-02]
 [-2.00455486e-03 -3.78609752e-02  8.29351235e-03  8.03425553e-03
   2.66138696e-02 -5.43701738e-03 -1.42915582e-03 -4.36909239e-02
  -3.23659190e-02 -9.29927456e-03  1.72127173e-02  2.81919223e-03
  -9.20502645e-03  9.10046897e-03  1.19317878e-02  7.04975147e-03
   2.55196271e-05  1.32657056e-02 -7.64631362e-03  1.10283427e-02]
 [-1.54637959e-03 -3.83959296e-02  9.65631155e-03  6.47291339e-03
   2.60655338e-02 -5.82804704e-03 -5.39301316e-04 -4.57468608e-02
  -3.26654781e-02 -9.15053428e-03  1.70632214e-02  3.25751734e-03
  -9.45764840e-03  8.59586302e-03  1.20678563e-02  6.01753077e-03
  -8.09652031e-04  1.27887566e-02 -6.64153821e-03  1.17872764e-02]
 [-1.74499143e-03 -3.84221642e-02  8.73510661e-03  8.35935840e-03
   2.69683203e-02 -5.90713791e-03 -1.15551961e-03 -4.49311544e-02
  -3.23631383e-02 -8.17315221e-03  1.73343208e-02  2.56490971e-03
  -8.74231147e-03  9.58116122e-03  1.18146377e-02  5.86352000e-03
   2.68314237e-04  1.34730614e-02 -7.86473065e-03  1.10281245e-02]
 [-1.74176809e-03 -3.83967178e-02  1.08266654e-02  5.35827069e-03
   2.51376981e-02 -5.86943137e-03  8.38300546e-04 -4.62156675e-02
  -3.18877627e-02 -1.04713153e-02  1.66336193e-02  3.65763171e-03
  -1.04641257e-02  7.48523464e-03  1.25538489e-02  7.82598603e-03
  -1.61905106e-03  1.24982898e-02 -7.74640286e-03  1.16896150e-02]
 [-2.23527459e-03 -3.76216813e-02  8.29173532e-03  7.62714683e-03
   2.61400332e-02 -5.70854670e-03 -8.28530706e-04 -4.36784214e-02
  -3.24137233e-02 -1.04841506e-02  1.70772779e-02  2.75510056e-03
  -1.00492723e-02  8.71667712e-03  1.18923194e-02  8.23266823e-03
   4.25581908e-08  1.35349649e-02 -8.29047170e-03  1.08645311e-02]
 [-2.89781568e-03 -3.75804445e-02  8.72186301e-03  7.50193080e-03
   2.65169990e-02 -5.24702992e-03 -1.27852513e-03 -4.30153489e-02
  -3.29501021e-02 -1.02216082e-02  1.76159246e-02  3.24842478e-03
  -9.96363286e-03  8.62295239e-03  1.24538373e-02  7.70098050e-03
   3.15027677e-04  1.32744282e-02 -7.50805470e-03  1.09733545e-02]
 [-1.66570637e-03 -3.79236597e-02  1.00929630e-02  5.66986560e-03
   2.58049237e-02 -5.17346287e-03 -9.54537802e-04 -4.46551897e-02
  -3.23781065e-02 -9.44926895e-03  1.70576327e-02  4.31954771e-03
  -9.76055678e-03  7.92198361e-03  1.23625542e-02  6.30135969e-03
  -1.32747849e-03  1.21326507e-02 -6.03611413e-03  1.24859622e-02]
 [-2.22496708e-03 -3.75896744e-02  8.40211862e-03  7.33244708e-03
   2.60084905e-02 -5.68845548e-03 -7.48233998e-04 -4.37562303e-02
  -3.24928847e-02 -1.06904179e-02  1.70546866e-02  2.85581757e-03
  -1.01946094e-02  8.53495767e-03  1.19237358e-02  8.30022627e-03
  -1.45450288e-04  1.34526981e-02 -8.09941196e-03  1.09683894e-02]
 [-1.75169871e-03 -3.83161630e-02  8.95474527e-03  7.72132629e-03
   2.66353116e-02 -5.79608358e-03 -1.01010707e-03 -4.49612678e-02
  -3.24656117e-02 -8.67143567e-03  1.72420718e-02  2.82558043e-03
  -9.05600881e-03  9.19318926e-03  1.19278845e-02  6.10747418e-03
  -1.01004219e-04  1.32254292e-02 -7.44549216e-03  1.12628173e-02]
 [-1.68491976e-03 -3.85090692e-02  1.09074580e-02  5.46362371e-03
   2.51985334e-02 -5.95996834e-03  8.93870936e-04 -4.64438272e-02
  -3.18457904e-02 -1.02186876e-02  1.66439814e-02  3.59903462e-03
  -1.03397686e-02  7.60656364e-03  1.25386720e-02  7.60802039e-03
  -1.57164913e-03  1.25315402e-02 -7.83170479e-03  1.16760664e-02]
 [-2.17620712e-03 -3.81302429e-02  8.44085650e-03  7.85494240e-03
   2.61789812e-02 -5.75824905e-03 -4.60103777e-04 -4.44807543e-02
  -3.21457559e-02 -1.01902904e-02  1.69180011e-02  2.33277152e-03
  -9.81497478e-03  9.00803912e-03  1.18886906e-02  8.11355635e-03
  -2.10514180e-04  1.34646142e-02 -8.60906168e-03  1.05370241e-02]
 [-3.55269262e-03 -3.72654267e-02  7.67314015e-03  8.26300051e-03
   2.66361849e-02 -4.49336548e-03 -1.87990896e-03 -4.13493350e-02
  -3.27419895e-02 -1.11033105e-02  1.75898663e-02  2.86926056e-03
  -1.00398364e-02  8.71973630e-03  1.25560650e-02  9.21621649e-03
   4.47261382e-04  1.32807788e-02 -7.94101782e-03  1.02147241e-02]
 [-2.00135827e-03 -3.77624839e-02  8.54324699e-03  7.31879357e-03
   2.62758091e-02 -5.35132294e-03 -1.25203923e-03 -4.37910145e-02
  -3.25375032e-02 -9.84743040e-03  1.71414286e-02  3.07984190e-03
  -9.56855844e-03  8.65520942e-03  1.20276782e-02  7.28166874e-03
  -3.37769472e-04  1.30389884e-02 -7.17728239e-03  1.12759914e-02]
 [-1.28112534e-03 -3.90205727e-02  1.21139868e-02  3.78349283e-03
   2.49088017e-02 -5.05643580e-03  4.77762284e-04 -4.73952837e-02
  -3.20445652e-02 -9.08600201e-03  1.66280898e-02  4.65680208e-03
  -9.66940158e-03  7.27715249e-03  1.29307903e-02  5.54228992e-03
  -3.20088296e-03  1.08480602e-02 -4.91727849e-03  1.28904208e-02]
 [-2.11740887e-03 -3.79758539e-02  9.71769416e-03  6.57507828e-03
   2.55356028e-02 -5.45999446e-03  1.24669628e-04 -4.44667522e-02
  -3.15089414e-02 -1.06895012e-02  1.66421465e-02  3.37091438e-03
  -1.03098601e-02  7.92107810e-03  1.24907139e-02  8.76262953e-03
  -1.13035909e-03  1.27391697e-02 -8.53587503e-03  1.11283652e-02]]",0
"[[ 5.40075265e-03 -2.48402432e-02 -8.24461784e-03  1.84268542e-02
   1.05941389e-02  1.31295715e-03 -1.03010498e-02 -2.59572715e-02
  -2.12010611e-02 -8.93199630e-03  1.10310288e-02 -6.50122669e-03
   2.15361151e-03  1.13727329e-02  4.96562105e-03  2.20000371e-02
   2.22719600e-03  1.72372721e-02 -2.05874350e-02  1.02097793e-02]
 [ 1.23133482e-02 -5.03221303e-02  1.40756462e-02 -1.66655723e-02
   1.97823662e-02 -9.32010636e-03 -3.72677576e-04 -6.97831511e-02
  -2.55413894e-02 -3.63977253e-03  6.32183440e-03  1.10744918e-02
  -4.65940312e-03  1.47658763e-02  6.94767386e-03 -1.02753025e-02
  -2.14874968e-02  1.62559864e-03  1.19081233e-02  2.42795870e-02]
 [ 3.98302078e-03 -4.19251174e-02  8.95851571e-03  1.44414240e-02
   4.24942151e-02 -1.32433847e-02 -7.27708125e-03 -4.74490598e-02
  -4.36201580e-02  6.15360681e-03  2.56153345e-02 -3.41896527e-03
  -6.27635699e-03  9.42861289e-03 -2.38939747e-03 -1.09468829e-02
   2.33017448e-02  2.75864583e-02 -6.40140660e-03  7.29855150e-03]
 [-1.31157832e-02 -3.06376647e-02  1.74813624e-03  5.78659587e-03
   2.34984700e-02 -4.13856516e-03 -2.91084847e-03 -3.44824716e-02
  -3.86813581e-02 -2.48601828e-02  2.08547022e-02  1.33054983e-03
  -2.26611178e-02  5.23568504e-03  1.32197700e-02  1.96871143e-02
  -5.35687432e-05  1.74750872e-02 -7.64135178e-03  1.19108111e-02]
 [-1.76715590e-02 -5.29441684e-02  9.08298418e-03  2.48709079e-02
   6.89093992e-02 -2.46309079e-02  9.93747823e-03 -4.87273335e-02
  -4.08792868e-02 -6.37746975e-03  2.15692129e-02  7.05194287e-03
  -1.08093135e-02  2.68812999e-02  2.62579881e-02 -2.78755557e-03
   2.36293487e-02  2.86332108e-02 -2.63726879e-02 -6.86899945e-03]
 [ 9.52735171e-03 -1.92545410e-02  2.79359389e-02  1.35511905e-02
   8.94363783e-03 -1.63507797e-02  2.22604815e-02 -6.75185397e-02
  -4.00246270e-02 -2.20905636e-02  1.12879016e-02  1.10920575e-02
  -1.15861231e-02 -2.62431391e-02  6.13505766e-03  3.77873629e-02
  -3.61160841e-03  2.42664460e-02 -2.85590272e-02  8.01563449e-03]
 [-1.07465889e-02 -3.94769274e-02  3.49968374e-02  1.57088842e-02
   3.53793614e-02 -1.15149822e-02 -2.83682020e-03 -4.97263521e-02
  -4.99525666e-02 -2.03905515e-02  1.48982946e-02 -5.55580761e-03
  -1.12192323e-02 -1.36476196e-02  4.36556377e-02  1.47155095e-02
   3.06059103e-02  4.06837761e-02 -1.88285876e-02  2.26361677e-02]
 [-1.46059450e-02 -3.26987281e-02 -3.04634683e-03  1.19086262e-03
   2.88596638e-02 -1.01907365e-03 -5.84576698e-03 -3.11361589e-02
  -3.81439440e-02 -3.01329941e-02  1.97782330e-02  7.55219068e-03
  -2.18256768e-02  6.26257993e-03  1.02754384e-02  2.49474570e-02
  -1.01605104e-03  1.28023131e-02 -1.21746622e-02  1.00972690e-02]
 [-2.74678692e-04 -5.95700853e-02  1.25666233e-02  3.43839079e-03
   2.31383089e-02 -4.05913033e-03 -9.24361777e-03 -1.07759021e-01
  -4.35680747e-02  1.06112175e-02  2.05237344e-02 -1.65761430e-02
  -4.81387600e-03  2.59515345e-02  3.24854814e-03 -5.18164970e-02
  -4.25977539e-03  1.96662769e-02  9.22048651e-03  3.35251093e-02]
 [-1.81376375e-03 -4.12776470e-02  8.44185986e-03  8.72374512e-04
   1.76474862e-02  6.97855651e-03 -6.42804289e-03 -3.24146785e-02
  -4.23991866e-02 -1.57996137e-02  1.59433279e-02  4.45488375e-03
  -2.75116437e-03  1.08280061e-02  1.17043108e-02  1.28712356e-02
   1.97753310e-03 -5.56464773e-04  1.50544690e-02  1.03286086e-02]
 [-2.93415897e-02 -3.81106436e-02  4.86242250e-02  1.50102628e-02
   2.63379849e-02 -1.08162407e-03  8.85621179e-03 -2.29933336e-02
  -3.22965533e-02  1.18449284e-02  2.96711996e-02  1.84346363e-02
  -1.61828492e-02  1.42400255e-02  3.61685269e-02  1.55786332e-03
   1.21726999e-02  3.87289375e-03 -9.16004553e-03  1.64223947e-02]
 [ 1.24244951e-03 -4.35621440e-02  3.07035744e-02  1.39267184e-04
   1.63709577e-02 -1.60362776e-02  1.92611571e-02 -6.93639442e-02
  -3.16676050e-02  3.55550065e-03  1.71038117e-02  1.01113059e-02
   4.03972389e-03 -2.63616350e-03  2.19940934e-02  1.53036350e-02
  -7.10495980e-03 -1.78027432e-04 -1.07690701e-02  3.19424574e-03]
 [-1.31157832e-02 -3.06376647e-02  1.74813624e-03  5.78659587e-03
   2.34984700e-02 -4.13856516e-03 -2.91084847e-03 -3.44824716e-02
  -3.86813581e-02 -2.48601828e-02  2.08547022e-02  1.33054983e-03
  -2.26611178e-02  5.23568504e-03  1.32197700e-02  1.96871143e-02
  -5.35687432e-05  1.74750872e-02 -7.64135178e-03  1.19108111e-02]
 [-1.53002515e-02 -5.07742204e-02  8.89613386e-03  2.33382285e-02
   6.23265654e-02 -2.62956247e-02  7.98557792e-03 -4.41634953e-02
  -3.37502062e-02 -9.01658740e-03  1.73184816e-02  1.14821736e-02
  -8.90700892e-03  2.81016957e-02  2.50438116e-02 -2.56069005e-03
   2.62375157e-02  2.38396376e-02 -2.97036581e-02 -7.41140451e-03]
 [ 1.45541690e-03 -5.80852516e-02  1.15272235e-02  3.41819040e-03
   2.52502020e-02 -5.24075143e-03 -1.00076757e-02 -1.08419217e-01
  -4.66580689e-02  1.08810626e-02  2.14555580e-02 -1.66909099e-02
  -6.09492324e-03  2.71706544e-02  4.74774279e-03 -5.45155704e-02
  -3.83839780e-03  2.35036481e-02  9.30071995e-03  3.33334506e-02]
 [-5.05707785e-03 -2.58345827e-02  1.67293474e-04 -5.29788109e-03
   2.15011723e-02 -6.70481008e-03 -3.16766556e-04 -3.27165574e-02
  -3.91257219e-02 -3.42603326e-02  2.19321698e-02  9.41229984e-03
  -2.29697302e-02 -1.92415155e-03  9.39528272e-03  2.14219168e-02
  -1.11638696e-03  1.96111985e-02 -8.08291044e-03  2.44559534e-03]
 [ 1.09014893e-02 -3.11827511e-02  6.71723671e-03  1.00790691e-02
   3.18958424e-02  1.93871371e-03  4.39787004e-03 -1.76168140e-02
  -2.26305742e-02 -1.56668723e-02  1.48898028e-02 -6.60861889e-03
  -1.81179959e-02 -1.39992870e-03  1.23925908e-02  4.40684985e-03
   4.82338574e-03  1.26084443e-02 -8.16828106e-03  1.28346458e-02]
 [ 4.19961009e-03 -3.05388439e-02 -1.04705989e-03  7.24596065e-03
   2.63988916e-02  4.79508517e-03 -1.08239818e-02 -2.60833316e-02
  -1.56323425e-02 -8.23513838e-04  2.05564983e-02  1.35441478e-02
   8.82113352e-04  5.00258198e-03  1.03506772e-02  5.80150448e-03
  -1.07979123e-02  2.01777974e-03 -3.65295075e-03  7.49840634e-03]
 [-2.37531774e-03 -3.65805328e-02  3.18182781e-02 -3.54182185e-03
   2.45228619e-03 -9.64105129e-03  2.54671648e-02 -6.91120997e-02
  -2.65307333e-02  2.23659351e-03  2.52997056e-02 -1.98848825e-03
  -3.42909689e-03 -3.75874760e-03  2.30213646e-02  7.93434028e-03
  -1.60573237e-02  4.45841532e-03 -1.56202316e-02  3.75242694e-03]
 [-1.58154704e-02 -7.62414187e-02  1.92608945e-02  4.58354726e-02
   8.00947770e-02 -2.21333448e-02  3.97619419e-03 -5.14509492e-02
  -3.91811803e-02 -1.66917630e-02  2.53746640e-02  1.47935497e-02
  -2.20795758e-02  2.23891977e-02  3.26004252e-02  2.71448120e-02
   8.50833394e-03  9.59447399e-03 -2.61011645e-02 -8.20404943e-03]
 [ 1.23133482e-02 -5.03221303e-02  1.40756462e-02 -1.66655723e-02
   1.97823662e-02 -9.32010636e-03 -3.72677576e-04 -6.97831511e-02
  -2.55413894e-02 -3.63977253e-03  6.32183440e-03  1.10744918e-02
  -4.65940312e-03  1.47658763e-02  6.94767386e-03 -1.02753025e-02
  -2.14874968e-02  1.62559864e-03  1.19081233e-02  2.42795870e-02]
 [ 1.23133482e-02 -5.03221303e-02  1.40756462e-02 -1.66655723e-02
   1.97823662e-02 -9.32010636e-03 -3.72677576e-04 -6.97831511e-02
  -2.55413894e-02 -3.63977253e-03  6.32183440e-03  1.10744918e-02
  -4.65940312e-03  1.47658763e-02  6.94767386e-03 -1.02753025e-02
  -2.14874968e-02  1.62559864e-03  1.19081233e-02  2.42795870e-02]
 [ 5.40075265e-03 -2.48402432e-02 -8.24461784e-03  1.84268542e-02
   1.05941389e-02  1.31295715e-03 -1.03010498e-02 -2.59572715e-02
  -2.12010611e-02 -8.93199630e-03  1.10310288e-02 -6.50122669e-03
   2.15361151e-03  1.13727329e-02  4.96562105e-03  2.20000371e-02
   2.22719600e-03  1.72372721e-02 -2.05874350e-02  1.02097793e-02]
 [ 5.40075265e-03 -2.48402432e-02 -8.24461784e-03  1.84268542e-02
   1.05941389e-02  1.31295715e-03 -1.03010498e-02 -2.59572715e-02
  -2.12010611e-02 -8.93199630e-03  1.10310288e-02 -6.50122669e-03
   2.15361151e-03  1.13727329e-02  4.96562105e-03  2.20000371e-02
   2.22719600e-03  1.72372721e-02 -2.05874350e-02  1.02097793e-02]
 [-2.16381089e-03 -3.99104878e-02  6.47738762e-03  1.04315830e-02
   2.34988369e-02  7.73423677e-03 -5.18228021e-03 -2.64699906e-02
  -2.14076471e-02 -1.95865687e-02  7.48791173e-03  1.38851581e-03
  -1.13755241e-02  6.65296055e-03  1.03555927e-02  2.96756066e-02
  -7.14111980e-03  4.43487382e-03 -8.66734702e-03  5.72552159e-03]
 [-1.16572324e-02 -3.49258743e-02  3.29628866e-03  9.19492729e-03
   3.71206962e-02 -1.79284066e-03 -9.71005578e-03 -3.98244709e-02
  -3.42523381e-02  1.30757061e-03  2.34847777e-02  9.63842403e-03
  -1.20968856e-02  1.69929620e-02  1.12181958e-02 -1.09486021e-02
  -1.17491381e-02  7.26402365e-03  3.07481550e-03  1.48850214e-02]
 [-3.15241003e-03 -3.44525352e-02 -1.84809044e-03  1.64397201e-03
   4.88364436e-02 -1.47284642e-02  6.80486299e-03 -4.42026332e-02
  -5.28945774e-02 -2.18852330e-02  2.93930061e-02  1.03687765e-02
  -2.89647430e-02  3.95904202e-03  1.29746124e-02  1.26180910e-02
   4.40476555e-03  3.38343531e-02 -9.04581510e-03 -6.96065603e-04]]","[[-2.52901436e-03 -3.71861137e-02  8.72216825e-03  5.57028445e-03
   2.64388737e-02 -5.37960979e-03  1.36155424e-04 -4.33273250e-02
  -3.30206454e-02 -1.27012158e-02  1.73611951e-02  4.13675292e-03
  -1.20489290e-02  6.97401843e-03  1.26050986e-02  1.00186289e-02
  -1.21556450e-03  1.36342615e-02 -7.88827386e-03  1.06267207e-02]
 [-1.90085032e-03 -3.81008931e-02  1.00028876e-02  5.35754161e-03
   2.63763240e-02 -6.13352364e-03  9.17666092e-04 -4.56733399e-02
  -3.28284988e-02 -1.11645957e-02  1.72329299e-02  4.03775976e-03
  -1.13016075e-02  7.36858961e-03  1.26069208e-02  8.21918537e-03
  -1.28016757e-03  1.34772733e-02 -7.88458329e-03  1.09812444e-02]
 [-2.52386443e-03 -3.70214026e-02  9.18282536e-03  4.37220324e-03
   2.57944362e-02 -5.29994029e-03  3.90708770e-04 -4.36453500e-02
  -3.34232034e-02 -1.35709494e-02  1.73029967e-02  4.46284804e-03
  -1.25839268e-02  6.19200775e-03  1.26936515e-02  1.02751887e-02
  -1.64799056e-03  1.33413058e-02 -7.09605746e-03  1.10809292e-02]
 [-2.24086093e-03 -3.76763127e-02  9.02527885e-03  6.21620474e-03
   2.66834480e-02 -5.74123570e-03  3.09057078e-04 -4.41330176e-02
  -3.26131367e-02 -1.15398113e-02  1.72650929e-02  3.86624981e-03
  -1.13273546e-02  7.61310967e-03  1.25528349e-02  9.13769851e-03
  -9.67696322e-04  1.36802500e-02 -8.41093771e-03  1.05403558e-02]
 [-2.63896201e-03 -3.67719355e-02  7.65783693e-03  5.10021137e-03
   2.60793016e-02 -5.28244564e-03 -8.20743885e-05 -4.28671598e-02
  -3.37878900e-02 -1.40310170e-02  1.73904304e-02  3.90416813e-03
  -1.27156325e-02  6.90482893e-03  1.20220657e-02  1.07281562e-02
  -1.40496950e-03  1.37307403e-02 -7.17131150e-03  1.04340646e-02]
 [-2.76805964e-03 -3.68344327e-02  8.46240833e-03  5.21338499e-03
   2.62438823e-02 -5.09869068e-03 -3.30192033e-05 -4.26759063e-02
  -3.32569696e-02 -1.35253605e-02  1.74105823e-02  4.27496032e-03
  -1.25146099e-02  6.56531593e-03  1.26404547e-02  1.07068676e-02
  -1.33847829e-03  1.35988671e-02 -7.59629916e-03  1.06639319e-02]
 [-2.70927361e-03 -3.69456363e-02  8.37721561e-03  5.63328136e-03
   2.64308912e-02 -5.15106085e-03 -9.13259701e-05 -4.26879702e-02
  -3.30515033e-02 -1.31092007e-02  1.73886046e-02  4.15125170e-03
  -1.22428341e-02  6.87282222e-03  1.26000371e-02  1.05181147e-02
  -1.21832806e-03  1.36532685e-02 -7.88006276e-03  1.05388207e-02]
 [-2.32649119e-03 -3.74684233e-02  9.11915802e-03  5.51573578e-03
   2.64266726e-02 -5.62179318e-03  3.81192125e-04 -4.40501859e-02
  -3.29552527e-02 -1.22168077e-02  1.73172675e-02  4.10698350e-03
  -1.18062500e-02  7.10190073e-03  1.26072998e-02  9.45336128e-03
  -1.22349251e-03  1.35891761e-02 -7.90058487e-03  1.07332106e-02]
 [-2.36795845e-03 -3.77441221e-02  7.72185701e-03  7.23511105e-03
   2.75649672e-02 -6.15268133e-03 -1.16608917e-04 -4.41118603e-02
  -3.35434957e-02 -1.13703184e-02  1.77000424e-02  3.05518835e-03
  -1.12087621e-02  8.48894343e-03  1.20523004e-02  8.65489661e-03
  -5.38069720e-05  1.46121868e-02 -8.41625569e-03  9.85168399e-03]
 [-2.63305414e-03 -3.68357451e-02  7.44969065e-03  5.58237935e-03
   2.63749551e-02 -5.32286838e-03 -1.81955744e-04 -4.27406592e-02
  -3.36417628e-02 -1.36744262e-02  1.74261731e-02  3.78354723e-03
  -1.25171174e-02  7.22500306e-03  1.19774379e-02  1.06182271e-02
  -1.24027715e-03  1.38702195e-02 -7.48569801e-03  1.02363316e-02]
 [-2.38003257e-03 -3.74170090e-02  8.93248923e-03  5.74667525e-03
   2.65104932e-02 -5.55794251e-03  2.59374823e-04 -4.37833504e-02
  -3.28769516e-02 -1.22020740e-02  1.73193642e-02  4.04961197e-03
  -1.17584910e-02  7.20457118e-03  1.25895156e-02  9.57927443e-03
  -1.14856880e-03  1.36310633e-02 -8.04335758e-03  1.06345868e-02]
 [-2.24687937e-03 -3.75911201e-02  9.25963432e-03  5.54948177e-03
   2.64438046e-02 -5.72017872e-03  4.66298091e-04 -4.43276046e-02
  -3.29063655e-02 -1.19826725e-02  1.72993661e-02  4.07660115e-03
  -1.16810582e-02  7.18972276e-03  1.26036014e-02  9.21740998e-03
  -1.20786902e-03  1.35801567e-02 -7.94255922e-03  1.07573876e-02]
 [-2.40507554e-03 -3.73936769e-02  8.82774901e-03  5.89237410e-03
   2.65562222e-02 -5.52167597e-03  1.87722896e-04 -4.36362092e-02
  -3.28177356e-02 -1.21746979e-02  1.73144238e-02  4.01103114e-03
  -1.17150432e-02  7.27484757e-03  1.25771493e-02  9.64263125e-03
  -1.10580515e-03  1.36499889e-02 -8.13437674e-03  1.05782390e-02]
 [-2.64632782e-03 -3.70327869e-02  8.47318587e-03  5.66551683e-03
   2.64550864e-02 -5.22852564e-03 -2.83718748e-05 -4.28861970e-02
  -3.30167178e-02 -1.29333014e-02  1.73768302e-02  4.13131968e-03
  -1.21488566e-02  6.94157785e-03  1.25968407e-02  1.03412098e-02
  -1.20143467e-03  1.36540885e-02 -7.91832062e-03  1.05510311e-02]
 [-2.07809558e-03 -3.74632374e-02  1.00428128e-02  3.77865087e-03
   2.55061254e-02 -5.68043927e-03  9.26488124e-04 -4.50766194e-02
  -3.33845467e-02 -1.30060665e-02  1.71466109e-02  4.57707378e-03
  -1.23317857e-02  6.12661069e-03  1.26986253e-02  9.38024655e-03
  -1.96203468e-03  1.30954664e-02 -6.78770071e-03  1.14579530e-02]
 [-2.70011217e-03 -3.66942554e-02  7.58782990e-03  5.06508576e-03
   2.60270566e-02 -5.20799599e-03 -1.39870767e-04 -4.26932591e-02
  -3.38134985e-02 -1.41958373e-02  1.73923767e-02  3.91434016e-03
  -1.27909693e-02  6.83699538e-03  1.20297807e-02  1.08915716e-02
  -1.41678942e-03  1.37157945e-02 -7.13117980e-03  1.04365011e-02]
 [-2.59535246e-03 -3.71297709e-02  8.30251793e-03  6.26714233e-03
   2.66041408e-02 -5.21050495e-03 -1.87521367e-04 -4.27406273e-02
  -3.26622758e-02 -1.24474970e-02  1.72950911e-02  3.93782223e-03
  -1.17536100e-02  7.34418449e-03  1.25349168e-02  1.02214240e-02
  -1.05867568e-03  1.36590091e-02 -8.31336520e-03  1.04007397e-02]
 [-2.27550880e-03 -3.75485064e-02  9.20389426e-03  5.55129879e-03
   2.64432071e-02 -5.68508532e-03  4.32200157e-04 -4.42230921e-02
  -3.29180779e-02 -1.20576607e-02  1.73053653e-02  4.08340634e-03
  -1.17189970e-02  7.16692473e-03  1.26038983e-02  9.30051593e-03
  -1.20849937e-03  1.35856302e-02 -7.93696075e-03  1.07440286e-02]
 [-3.61735454e-03 -3.64560091e-02  7.48664340e-03  6.23951351e-03
   2.68019511e-02 -4.88382218e-03 -8.06843517e-04 -4.12865932e-02
  -3.38968481e-02 -1.39561004e-02  1.78620113e-02  3.79152973e-03
  -1.26432156e-02  6.83938777e-03  1.28387132e-02  1.13393858e-02
  -2.97812913e-04  1.42607286e-02 -7.83023082e-03  1.02702517e-02]
 [-1.98753968e-03 -3.78302646e-02  9.98471351e-03  4.74712449e-03
   2.60729141e-02 -5.94029497e-03  9.04975145e-04 -4.53823998e-02
  -3.30671182e-02 -1.18998046e-02  1.72221472e-02  4.26317501e-03
  -1.17354945e-02  6.87955250e-03  1.26479070e-02  8.69097340e-03
  -1.54887860e-03  1.33452100e-02 -7.44180202e-03  1.11524936e-02]
 [-2.00476251e-03 -3.80416811e-02  9.59641571e-03  6.00078350e-03
   2.66401313e-02 -6.06584705e-03  6.73367471e-04 -4.51507888e-02
  -3.26309451e-02 -1.10102902e-02  1.72461572e-02  3.85921859e-03
  -1.11160162e-02  7.68872686e-03  1.25681195e-02  8.41166085e-03
  -1.00788324e-03  1.36310138e-02 -8.32695968e-03  1.07112312e-02]
 [-2.61442563e-03 -3.68755385e-02  9.11995275e-03  4.16692018e-03
   2.56425618e-02 -5.17926582e-03  3.32188106e-04 -4.34084815e-02
  -3.35154201e-02 -1.39478751e-02  1.72965792e-02  4.52447284e-03
  -1.27713483e-02  5.98774018e-03  1.27114604e-02  1.05678161e-02
  -1.71717915e-03  1.32874813e-02 -6.94517174e-03  1.11358945e-02]
 [-2.46233408e-03 -3.75669859e-02  7.58667095e-03  7.09514759e-03
   2.74633267e-02 -6.01382674e-03 -2.01570106e-04 -4.37735781e-02
  -3.36143869e-02 -1.17388527e-02  1.77026878e-02  3.12329870e-03
  -1.14009772e-02  8.30998999e-03  1.20737444e-02  8.99808312e-03
  -1.26720861e-04  1.45844908e-02 -8.30407139e-03  9.86572059e-03]
 [-2.08716888e-03 -3.77708643e-02  9.68297003e-03  5.17936406e-03
   2.62859429e-02 -5.88235659e-03  7.25351612e-04 -4.49838190e-02
  -3.29732399e-02 -1.18227490e-02  1.72639330e-02  4.15061439e-03
  -1.16520501e-02  7.08394554e-03  1.26250597e-02  8.83494844e-03
  -1.35463577e-03  1.34733114e-02 -7.72130316e-03  1.09561816e-02]
 [-2.60183612e-03 -3.70441934e-02  8.75104459e-03  5.17369703e-03
   2.62633649e-02 -5.29557193e-03  1.60593998e-04 -4.32247565e-02
  -3.32183987e-02 -1.31532928e-02  1.73840554e-02  4.26326976e-03
  -1.23371458e-02  6.66480787e-03  1.26397203e-02  1.02688837e-02
  -1.34284106e-03  1.35834696e-02 -7.61183861e-03  1.07329567e-02]]",0
"[[ 5.40075265e-03 -2.48402432e-02 -8.24461784e-03  1.84268542e-02
   1.05941389e-02  1.31295715e-03 -1.03010498e-02 -2.59572715e-02
  -2.12010611e-02 -8.93199630e-03  1.10310288e-02 -6.50122669e-03
   2.15361151e-03  1.13727329e-02  4.96562105e-03  2.20000371e-02
   2.22719600e-03  1.72372721e-02 -2.05874350e-02  1.02097793e-02]
 [ 1.23133482e-02 -5.03221303e-02  1.40756462e-02 -1.66655723e-02
   1.97823662e-02 -9.32010636e-03 -3.72677576e-04 -6.97831511e-02
  -2.55413894e-02 -3.63977253e-03  6.32183440e-03  1.10744918e-02
  -4.65940312e-03  1.47658763e-02  6.94767386e-03 -1.02753025e-02
  -2.14874968e-02  1.62559864e-03  1.19081233e-02  2.42795870e-02]
 [ 3.98302078e-03 -4.19251174e-02  8.95851571e-03  1.44414240e-02
   4.24942151e-02 -1.32433847e-02 -7.27708125e-03 -4.74490598e-02
  -4.36201580e-02  6.15360681e-03  2.56153345e-02 -3.41896527e-03
  -6.27635699e-03  9.42861289e-03 -2.38939747e-03 -1.09468829e-02
   2.33017448e-02  2.75864583e-02 -6.40140660e-03  7.29855150e-03]
 [-1.31157832e-02 -3.06376647e-02  1.74813624e-03  5.78659587e-03
   2.34984700e-02 -4.13856516e-03 -2.91084847e-03 -3.44824716e-02
  -3.86813581e-02 -2.48601828e-02  2.08547022e-02  1.33054983e-03
  -2.26611178e-02  5.23568504e-03  1.32197700e-02  1.96871143e-02
  -5.35687432e-05  1.74750872e-02 -7.64135178e-03  1.19108111e-02]
 [-1.76715590e-02 -5.29441684e-02  9.08298418e-03  2.48709079e-02
   6.89093992e-02 -2.46309079e-02  9.93747823e-03 -4.87273335e-02
  -4.08792868e-02 -6.37746975e-03  2.15692129e-02  7.05194287e-03
  -1.08093135e-02  2.68812999e-02  2.62579881e-02 -2.78755557e-03
   2.36293487e-02  2.86332108e-02 -2.63726879e-02 -6.86899945e-03]
 [ 9.52735171e-03 -1.92545410e-02  2.79359389e-02  1.35511905e-02
   8.94363783e-03 -1.63507797e-02  2.22604815e-02 -6.75185397e-02
  -4.00246270e-02 -2.20905636e-02  1.12879016e-02  1.10920575e-02
  -1.15861231e-02 -2.62431391e-02  6.13505766e-03  3.77873629e-02
  -3.61160841e-03  2.42664460e-02 -2.85590272e-02  8.01563449e-03]
 [-1.07465889e-02 -3.94769274e-02  3.49968374e-02  1.57088842e-02
   3.53793614e-02 -1.15149822e-02 -2.83682020e-03 -4.97263521e-02
  -4.99525666e-02 -2.03905515e-02  1.48982946e-02 -5.55580761e-03
  -1.12192323e-02 -1.36476196e-02  4.36556377e-02  1.47155095e-02
   3.06059103e-02  4.06837761e-02 -1.88285876e-02  2.26361677e-02]
 [-1.46059450e-02 -3.26987281e-02 -3.04634683e-03  1.19086262e-03
   2.88596638e-02 -1.01907365e-03 -5.84576698e-03 -3.11361589e-02
  -3.81439440e-02 -3.01329941e-02  1.97782330e-02  7.55219068e-03
  -2.18256768e-02  6.26257993e-03  1.02754384e-02  2.49474570e-02
  -1.01605104e-03  1.28023131e-02 -1.21746622e-02  1.00972690e-02]
 [-2.74678692e-04 -5.95700853e-02  1.25666233e-02  3.43839079e-03
   2.31383089e-02 -4.05913033e-03 -9.24361777e-03 -1.07759021e-01
  -4.35680747e-02  1.06112175e-02  2.05237344e-02 -1.65761430e-02
  -4.81387600e-03  2.59515345e-02  3.24854814e-03 -5.18164970e-02
  -4.25977539e-03  1.96662769e-02  9.22048651e-03  3.35251093e-02]
 [-1.81376375e-03 -4.12776470e-02  8.44185986e-03  8.72374512e-04
   1.76474862e-02  6.97855651e-03 -6.42804289e-03 -3.24146785e-02
  -4.23991866e-02 -1.57996137e-02  1.59433279e-02  4.45488375e-03
  -2.75116437e-03  1.08280061e-02  1.17043108e-02  1.28712356e-02
   1.97753310e-03 -5.56464773e-04  1.50544690e-02  1.03286086e-02]
 [-2.93415897e-02 -3.81106436e-02  4.86242250e-02  1.50102628e-02
   2.63379849e-02 -1.08162407e-03  8.85621179e-03 -2.29933336e-02
  -3.22965533e-02  1.18449284e-02  2.96711996e-02  1.84346363e-02
  -1.61828492e-02  1.42400255e-02  3.61685269e-02  1.55786332e-03
   1.21726999e-02  3.87289375e-03 -9.16004553e-03  1.64223947e-02]
 [ 1.24244951e-03 -4.35621440e-02  3.07035744e-02  1.39267184e-04
   1.63709577e-02 -1.60362776e-02  1.92611571e-02 -6.93639442e-02
  -3.16676050e-02  3.55550065e-03  1.71038117e-02  1.01113059e-02
   4.03972389e-03 -2.63616350e-03  2.19940934e-02  1.53036350e-02
  -7.10495980e-03 -1.78027432e-04 -1.07690701e-02  3.19424574e-03]
 [-1.31157832e-02 -3.06376647e-02  1.74813624e-03  5.78659587e-03
   2.34984700e-02 -4.13856516e-03 -2.91084847e-03 -3.44824716e-02
  -3.86813581e-02 -2.48601828e-02  2.08547022e-02  1.33054983e-03
  -2.26611178e-02  5.23568504e-03  1.32197700e-02  1.96871143e-02
  -5.35687432e-05  1.74750872e-02 -7.64135178e-03  1.19108111e-02]
 [-1.53002515e-02 -5.07742204e-02  8.89613386e-03  2.33382285e-02
   6.23265654e-02 -2.62956247e-02  7.98557792e-03 -4.41634953e-02
  -3.37502062e-02 -9.01658740e-03  1.73184816e-02  1.14821736e-02
  -8.90700892e-03  2.81016957e-02  2.50438116e-02 -2.56069005e-03
   2.62375157e-02  2.38396376e-02 -2.97036581e-02 -7.41140451e-03]
 [ 1.45541690e-03 -5.80852516e-02  1.15272235e-02  3.41819040e-03
   2.52502020e-02 -5.24075143e-03 -1.00076757e-02 -1.08419217e-01
  -4.66580689e-02  1.08810626e-02  2.14555580e-02 -1.66909099e-02
  -6.09492324e-03  2.71706544e-02  4.74774279e-03 -5.45155704e-02
  -3.83839780e-03  2.35036481e-02  9.30071995e-03  3.33334506e-02]
 [-5.05707785e-03 -2.58345827e-02  1.67293474e-04 -5.29788109e-03
   2.15011723e-02 -6.70481008e-03 -3.16766556e-04 -3.27165574e-02
  -3.91257219e-02 -3.42603326e-02  2.19321698e-02  9.41229984e-03
  -2.29697302e-02 -1.92415155e-03  9.39528272e-03  2.14219168e-02
  -1.11638696e-03  1.96111985e-02 -8.08291044e-03  2.44559534e-03]
 [ 1.09014884e-02 -3.11827511e-02  6.71723671e-03  1.00790681e-02
   3.18958424e-02  1.93871371e-03  4.39787004e-03 -1.76168140e-02
  -2.26305742e-02 -1.56668723e-02  1.48898028e-02 -6.60861889e-03
  -1.81179959e-02 -1.39992777e-03  1.23925908e-02  4.40684985e-03
   4.82338574e-03  1.26084434e-02 -8.16828106e-03  1.28346449e-02]
 [ 4.19961009e-03 -3.05388439e-02 -1.04705989e-03  7.24596018e-03
   2.63988916e-02  4.79508517e-03 -1.08239818e-02 -2.60833316e-02
  -1.56323425e-02 -8.23513779e-04  2.05564983e-02  1.35441478e-02
   8.82113352e-04  5.00258198e-03  1.03506772e-02  5.80150448e-03
  -1.07979123e-02  2.01777974e-03 -3.65295075e-03  7.49840634e-03]
 [-2.37531681e-03 -3.65805328e-02  3.18182781e-02 -3.54182161e-03
   2.45228643e-03 -9.64105129e-03  2.54671648e-02 -6.91120997e-02
  -2.65307352e-02  2.23659351e-03  2.52997056e-02 -1.98848825e-03
  -3.42909712e-03 -3.75874783e-03  2.30213646e-02  7.93434028e-03
  -1.60573237e-02  4.45841579e-03 -1.56202316e-02  3.75242718e-03]
 [-1.58154704e-02 -7.62414187e-02  1.92608945e-02  4.58354726e-02
   8.00947770e-02 -2.21333466e-02  3.97619419e-03 -5.14509492e-02
  -3.91811803e-02 -1.66917630e-02  2.53746640e-02  1.47935497e-02
  -2.20795758e-02  2.23891977e-02  3.26004252e-02  2.71448120e-02
   8.50833394e-03  9.59447585e-03 -2.61011645e-02 -8.20405036e-03]
 [ 1.23133482e-02 -5.03221303e-02  1.40756462e-02 -1.66655723e-02
   1.97823662e-02 -9.32010636e-03 -3.72677576e-04 -6.97831511e-02
  -2.55413894e-02 -3.63977253e-03  6.32183440e-03  1.10744918e-02
  -4.65940312e-03  1.47658763e-02  6.94767386e-03 -1.02753025e-02
  -2.14874968e-02  1.62559864e-03  1.19081233e-02  2.42795870e-02]]","[[-0.00815197 -0.03840803  0.01077207  0.00884689  0.02988917 -0.00644155
  -0.00065491 -0.04266558 -0.03646379 -0.01138514  0.02105227  0.00365376
  -0.01232558  0.008786    0.01573373  0.00738053  0.00505858  0.01595187
  -0.00944753  0.00937387]
 [-0.00830781 -0.03846117  0.01071797  0.00901629  0.03004479 -0.00646918
  -0.00073093 -0.04258282 -0.03654164 -0.01136739  0.02112716  0.0036098
  -0.01234654  0.00892561  0.0157886   0.00735544  0.00523765  0.01605484
  -0.00951949  0.00930903]
 [-0.00928151 -0.03945096  0.01108544  0.01053523  0.03157339 -0.007033
  -0.0008995  -0.04306301 -0.03705111 -0.01016348  0.0217349   0.00321404
  -0.01207725  0.0103129   0.01634955  0.00605308  0.00677468  0.01684248
  -0.01018206  0.00887327]
 [-0.00817145 -0.0374794   0.01004934  0.00824342  0.02924774 -0.00594643
  -0.00091601 -0.04144435 -0.03646842 -0.01275236  0.02094539  0.00388977
  -0.01290325  0.00794774  0.01545437  0.00877666  0.00459461  0.01583463
  -0.00932836  0.00940884]
 [-0.00934289 -0.03950041  0.01109726  0.01062864  0.03166775 -0.00706367
  -0.00091276 -0.04306632 -0.0370819  -0.01010841  0.02177098  0.00319336
  -0.01206799  0.01038832  0.01638332  0.005997    0.00687106  0.0168914
  -0.01022673  0.0088411 ]
 [-0.00996476 -0.03786009  0.00905248  0.01012656  0.03086052 -0.00621371
  -0.00193619 -0.03996529 -0.03735205 -0.0130363   0.02170165  0.00341708
  -0.01322376  0.00938208  0.01606848  0.00920431  0.00656184  0.01697298
  -0.01008918  0.00853902]
 [-0.00823974 -0.03827969  0.01059376  0.008859    0.02987696 -0.00637123
  -0.00075199 -0.04236901 -0.03650167 -0.01162223  0.02106984  0.0036571
  -0.01243615  0.00873118  0.01572076  0.00762871  0.00509156  0.01598957
  -0.00946756  0.00933193]
 [-0.00859916 -0.0379022   0.01000444  0.00891449  0.02986654 -0.00616595
  -0.00109947 -0.04145667 -0.03666859 -0.01237459  0.02115563  0.00367254
  -0.01279329  0.00862166  0.01569435  0.00840783  0.00522435  0.01613595
  -0.00953222  0.00918624]
 [-0.00993409 -0.03598463  0.00731626  0.00819118  0.02906477 -0.0051498
  -0.00248276 -0.03795644 -0.03731935 -0.01612076  0.02133188  0.00393038
  -0.01460821  0.00771991  0.01525095  0.01205351  0.00485934  0.01642377
  -0.0094133   0.0089013 ]
 [-0.00864905 -0.03956775  0.01158242  0.00987246  0.03103635 -0.00705796
  -0.00051496 -0.04407623 -0.03676618 -0.00973267  0.0214838   0.00332153
  -0.01181828  0.01004577  0.01615573  0.00549552  0.00605291  0.01643828
  -0.00982341  0.00924626]
 [-0.00982707 -0.03647796  0.0078266   0.0086593   0.02946236 -0.00542658
  -0.00229619 -0.03854704 -0.03727396 -0.0152578   0.02138212  0.00379198
  -0.01418578  0.00810922  0.01545348  0.01127071  0.00524076  0.0165202
  -0.009543    0.00883334]
 [-0.00920522 -0.04023984  0.01189495  0.010791    0.03202101 -0.00743533
  -0.00054991 -0.04457341 -0.03707884 -0.00887131  0.02187263  0.00305076
  -0.01164121  0.01092153  0.01647934  0.00447643  0.00699023  0.01693458
  -0.01023802  0.00901606]
 [-0.00812019 -0.03833355  0.01072536  0.00878253  0.02982002 -0.00640186
  -0.00065991 -0.04258041 -0.03644544 -0.01148633  0.02102795  0.00367291
  -0.01236097  0.00870355  0.01570588  0.00748984  0.00499831  0.01592438
  -0.00942732  0.00938382]
 [-0.00916524 -0.03668419  0.00853921  0.00827735  0.02922457 -0.0054918
  -0.00181933 -0.03943493 -0.03693411 -0.01457232  0.02117649  0.00392113
  -0.01380328  0.00786572  0.01537404  0.01056425  0.0048232   0.01616245
  -0.00939438  0.00909366]
 [-0.00855575 -0.03720706  0.00946798  0.0083117   0.02929276 -0.00577825
  -0.00127435 -0.0406414  -0.03663975 -0.01341239  0.0210395   0.00388199
  -0.01322674  0.00796032  0.01544335  0.00942967  0.0047338   0.01596872
  -0.00936377  0.00926892]
 [-0.00868575 -0.03786378  0.00991062  0.00895642  0.02989639 -0.00614606
  -0.0011652  -0.04131904 -0.03671078 -0.0124747   0.0211838   0.00366662
  -0.01284587  0.00863968  0.0157032   0.00851179  0.00527883  0.01617788
  -0.00955452  0.00915179]
 [-0.00934088 -0.04015712  0.01173129  0.01093166  0.03211778 -0.00740604
  -0.00065204 -0.04421799 -0.03712979 -0.00906085  0.02191043  0.00304517
  -0.01172378  0.01093076  0.01651932  0.00473451  0.00714218  0.01701231
  -0.0103236   0.00891214]
 [-0.00962787 -0.03854973  0.00997525  0.01032591  0.031179   -0.0065681
  -0.0014608  -0.0412685  -0.03718613 -0.01175941  0.02169921  0.00334525
  -0.01269399  0.00976223  0.01620587  0.00785341  0.00666888  0.01689353
  -0.01014767  0.0086705 ]
 [-0.00807648 -0.03836049  0.01078082  0.008756    0.0298017  -0.00641734
  -0.00062353 -0.04267181 -0.03642542 -0.01142555  0.02101338  0.00367877
  -0.01232837  0.00869892  0.0157022   0.00742797  0.0049651   0.01590041
  -0.00941249  0.00940347]
 [-0.00936142 -0.0367535   0.0084279   0.00852432  0.02941122 -0.00554515
  -0.00192961 -0.03930295 -0.03703488 -0.01457657  0.02125602  0.00383919
  -0.01382553  0.00806248  0.01544999  0.0105898   0.00505479  0.01630284
  -0.0094761   0.00899198]
 [-0.00948186 -0.03907534  0.01059429  0.01053062  0.03147619 -0.00684518
  -0.00116221 -0.0422147  -0.03712771 -0.01084646  0.02174292  0.00326194
  -0.01234371  0.01011479  0.01631945  0.00685099  0.00681647  0.01690122
  -0.01021255  0.00874452]
 [-0.00928276 -0.03680774  0.00853623  0.00851198  0.02940929 -0.00557142
  -0.00186482 -0.03944037 -0.03699543 -0.01444848  0.02123619  0.00384215
  -0.01375945  0.00806196  0.01545321  0.01046309  0.00503131  0.0162707
  -0.00946737  0.00901706]
 [-0.00889129 -0.03843844  0.01032726  0.00953652  0.03048384 -0.00646711
  -0.00107922 -0.04193183 -0.03682582 -0.01163995  0.02137071  0.00349967
  -0.01254823  0.00924873  0.01594361  0.00765406  0.00581583  0.01640892
  -0.00976955  0.00904564]
 [-0.00979906 -0.0386881   0.0100027   0.01060326  0.03144895 -0.00665908
  -0.0015051  -0.04125476 -0.03727089 -0.01160685  0.02179678  0.00328837
  -0.01265558  0.00997347  0.0163079   0.00772212  0.00695325  0.0170335
  -0.01027788  0.00856736]
 [-0.00800441 -0.03825009  0.01073329  0.00864271  0.02968351 -0.00635963
  -0.00061255 -0.04257372 -0.03638647 -0.01156056  0.0209687   0.00371116
  -0.01237239  0.00856021  0.01565562  0.00757458  0.00485581  0.01584751
  -0.00937672  0.00942839]]",0
,"[[-0.00885061 -0.03882816  0.01073321  0.00973983  0.03073776 -0.00667715
  -0.00090755 -0.04257217 -0.03681926 -0.01099668  0.02142681  0.00342449
  -0.01230159  0.0095512   0.01604542  0.00695732  0.00598119  0.01645378
  -0.00983272  0.00907103]
 [-0.00417123 -0.03685571  0.00949991  0.00540641  0.02612822 -0.00646487
   0.00080451 -0.0439203  -0.03544001 -0.01428854  0.01881453  0.00347297
  -0.01272072  0.00588177  0.01358039  0.00990551  0.00101314  0.0145096
  -0.00742696  0.00997131]
 [-0.00962605 -0.03919178  0.01062183  0.01075612  0.0317015  -0.00691998
  -0.00119469 -0.04221224 -0.03719863 -0.01071711  0.02182622  0.00321589
  -0.01231706  0.01029164  0.01640265  0.00673027  0.00704887  0.01701634
  -0.01032069  0.00866299]
 [-0.00930068 -0.03955079  0.01117148  0.0106086   0.03166349 -0.00708734
  -0.00086982 -0.04320477 -0.03706557 -0.01001126  0.02176359  0.00318916
  -0.01202857  0.01040628  0.01638024  0.00587848  0.00684386  0.01687333
  -0.01021138  0.00886931]
 [-0.00945997 -0.04049753  0.01198028  0.01120465  0.03246354 -0.00758932
  -0.00058297 -0.04468601 -0.03721653 -0.00856947  0.02203709  0.00294335
  -0.01159014  0.01128048  0.01662048  0.00412637  0.00741513  0.01715728
  -0.01043584  0.00888893]
 [-0.0043548  -0.03613674  0.00876445  0.00503327  0.02577519 -0.00609957
   0.00045714 -0.04273405 -0.03552633 -0.01548318  0.01878337  0.00362889
  -0.01329347  0.00536569  0.01340232  0.01105443  0.00079228  0.01452599
  -0.00731147  0.00995222]
 [-0.00845617 -0.03842762  0.0105905   0.00913285  0.03013817 -0.00645183
  -0.00083048 -0.04237343 -0.03661284 -0.01148106  0.02118483  0.00358531
  -0.01241661  0.00898574  0.01581891  0.00747503  0.00537139  0.0161411
  -0.00957786  0.00924283]
 [-0.00304313 -0.03769412  0.01070446  0.00484756  0.02579834 -0.0069491
   0.00169093 -0.04639112 -0.0349997  -0.01284814  0.0183951   0.00348485
  -0.01188725  0.0059596   0.01344079  0.00830893  0.00022552  0.01398417
  -0.00708409  0.01038995]
 [-0.00934482 -0.04007319  0.01164884  0.01090279  0.03206733 -0.0073635
  -0.00068662 -0.04405804 -0.03712378 -0.00919611  0.02189347  0.00306416
  -0.01176751  0.01086347  0.01650598  0.00490364  0.00711653  0.0169993
  -0.01031685  0.00889749]
 [-0.00220397 -0.03827114  0.01147985  0.00428584  0.02543599 -0.00730764
   0.00231376 -0.04831228 -0.03471035 -0.01193242  0.01805425  0.00349206
  -0.01133562  0.00598253  0.01326686  0.00720453 -0.00050105  0.01359124
  -0.00674909  0.0107428 ]
 [-0.00268972 -0.03777766  0.01090805  0.00454664  0.02557782 -0.00701539
   0.00189529 -0.04689389 -0.03486275 -0.01269284  0.0182269   0.00354134
  -0.01174681  0.00583149  0.01334169  0.00811172 -0.00011446  0.01379759
  -0.00692751  0.01052579]
 [-0.00970221 -0.03866483  0.01004301  0.01048508  0.03134152 -0.00663767
  -0.0014575  -0.04134111 -0.03722366 -0.01160322  0.02175248  0.00330942
  -0.01264415  0.00989955  0.01626798  0.00770129  0.00682646  0.01696489
  -0.01021968  0.0086243 ]
 [-0.00880884 -0.03880106  0.01073213  0.00968292  0.03068317 -0.00666111
  -0.00089446 -0.0425763  -0.0367981  -0.01102402  0.02140368  0.00343829
  -0.01230459  0.00950455  0.0160252   0.00698552  0.00592242  0.01642261
  -0.00980701  0.00909059]
 [-0.00976762 -0.04062271  0.01190957  0.01164461  0.03289447 -0.00768847
  -0.00068954 -0.04444509 -0.03735734 -0.00850633  0.02218872  0.00287174
  -0.01161765  0.01155679  0.01676982  0.0041055   0.00787395  0.01738742
  -0.01066851  0.00869099]
 [-0.00913683 -0.03953915  0.01125768  0.01042125  0.03149747 -0.00707008
  -0.0007865  -0.04339593 -0.03698998 -0.00996595  0.02169152  0.00321994
  -0.01198672  0.01030403  0.01631941  0.00580688  0.00664179  0.01676414
  -0.01011361  0.00896312]
 [-0.00906588 -0.03888396  0.01065739  0.00998699  0.03096194 -0.00671626
  -0.00100654 -0.04241461 -0.03692444 -0.01099063  0.02152969  0.00337247
  -0.01233439  0.00972093  0.01612806  0.00696416  0.00624498  0.01660016
  -0.00995141  0.00896441]
 [-0.0081492  -0.03781033  0.01024453  0.00851682  0.02951366 -0.00611517
  -0.00084352 -0.04176294 -0.03644393 -0.01229554  0.02096925  0.00376309
  -0.01270576  0.0082711   0.01556149  0.00832092  0.00479765  0.01588095
  -0.00937521  0.00937046]
 [-0.00961034 -0.03720644  0.00866095  0.00919311  0.0299854  -0.00581961
  -0.0019461  -0.03956733 -0.03716821 -0.01395629  0.02143368  0.00364616
  -0.01357865  0.00861933  0.01570487  0.01003637  0.00566762  0.01658215
  -0.00970992  0.00880635]
 [-0.00940487 -0.03847431  0.01004213  0.01004894  0.03092641 -0.00651097
  -0.0013611  -0.0414208  -0.03707658 -0.01178981  0.02159225  0.00339987
  -0.01267833  0.00957292  0.01610986  0.00785489  0.00637557  0.01673544
  -0.0100161   0.00879256]
 [-0.0094407  -0.03856691  0.01011197  0.01015016  0.03103243 -0.00656422
  -0.00134507 -0.04151158 -0.03709562 -0.01165379  0.02162518  0.00337419
  -0.01263186  0.00967034  0.01615119  0.00771629  0.00647238  0.01677663
  -0.01005916  0.00877087]
 [-0.00775507 -0.0384267   0.0111181   0.00844173  0.02953257 -0.00647849
  -0.00037328 -0.04323689 -0.03628579 -0.01116441  0.02088371  0.00378667
  -0.01214591  0.00852273  0.01563868  0.00720067  0.00461892  0.01568793
  -0.00928055  0.00955124]
 [-0.00972304 -0.03644073  0.00787354  0.00851818  0.02935907 -0.00539432
  -0.0022409  -0.0386129  -0.03721793 -0.01526821  0.02133579  0.00383746
  -0.01418044  0.00800804  0.01540748  0.01126527  0.00510576  0.01643808
  -0.00949517  0.00889   ]
 [-0.00813676 -0.03808114  0.0104853   0.00866706  0.02967923 -0.00626403
  -0.0007526  -0.04216858 -0.03644455 -0.01188097  0.0209995   0.00371176
  -0.01252728  0.00849945  0.01563956  0.00790077  0.00491139  0.01590665
  -0.00940592  0.00937076]
 [-0.00988159 -0.0375288   0.00878428  0.00975103  0.03048528 -0.0060213
  -0.00200399 -0.03965933 -0.0373094  -0.01354436  0.02160394  0.00350567
  -0.01342816  0.00905547  0.01591458  0.00968288  0.00620949  0.01683977
  -0.00993321  0.00862649]
 [-0.00989876 -0.03782991  0.00906952  0.01003256  0.03077691 -0.00619075
  -0.00190598 -0.04000486 -0.03731816 -0.01305626  0.02166916  0.00343792
  -0.01322689  0.00931857  0.01603627  0.00921168  0.00646453  0.01692106
  -0.01004715  0.00857914]]",0
